time,event,event_state,panic,volatility,liquidity,ewma_price,value_signal,trend,lending_rate,total_short_positions,retail_demand,contrarian_demand,momentum_demand,institutional_demand,value_investor_demand,total_demand,total_volume,price
0,no_event,0.0,0.015,0.075,10000.0,100.0,0.0,0.0,0.01,0,0.0,0.0,0.0,0.0,0.0,0.0,0.0,100.0560534907358
1,no_event,0.0,0.013909,0.069546,9998.9009,100.0028,-0.0005,0.00564,0.01,0,0.0,0.0,0.0,0.0,0.0,0.0,0.0,100.0607774038853
2,no_event,0.0,0.003285,0.016426,9998.6165,100.0057,-0.0006,0.0051,0.01,0,0.0,0.0,0.0,0.0,0.0,0.0,0.0,100.06616637392678
3,no_event,0.0,0.004825,0.024126,9998.3711,100.0087,-0.0006,0.004724,0.01,0,3.0,0.0,0.0,0.0,0.0,3.0,3.0,100.07402553812796
4,no_event,0.0,0.005455,0.027274,9998.3414,100.012,-0.0006,0.004664,0.01,0,39.0,0.0,0.0,0.0,0.0,39.0,39.0,100.06766935471842
5,no_event,0.0,0.010022,0.050112,9997.8404,100.0148,-0.0005,0.003185,0.01,0,72.0,0.0,0.0,0.0,0.0,72.0,72.0,100.45401329954878
6,no_event,0.0,0.018813,0.094065,9997.0155,100.0367,-0.0042,0.041396,0.01,0,89.0,0.0,0.0,0.0,0.0,89.0,89.0,100.6516290776279
7,no_event,0.0,0.023548,0.117742,9996.3581,100.0675,-0.0058,0.053703,0.01,0,70.0,0.0,0.0,0.0,0.0,70.0,70.0,100.86930481379336
8,mild_positive,0.3,0.021821,0.109104,9995.5284,100.1076,-0.0076,0.065736,0.01,0,43.0,0.0,0.0,365.0,0.0,408.0,408.0,102.12968363510704
9,mild_positive,0.279718,0.020028,0.100139,9995.1218,100.2087,-0.0192,0.177498,0.01,0,20.0,-240.0,0.0,2202.0,0.0,1982.0,2462.0,107.59631571100168
10,mild_positive,0.260807,0.045573,0.227866,9994.1223,100.5781,-0.0698,0.590648,0.01,0,154.0,-292.0,0.0,3299.0,0.0,3161.0,3745.0,115.58380549424633
11,mild_positive,0.243175,0.063409,0.317043,9992.1717,101.3283,-0.1407,0.860121,0.01,0,277.0,-352.0,0.0,3060.0,-59.0,2926.0,3748.0,123.3952193465689
12,mild_positive,0.226735,0.077381,0.386905,9991.6036,102.4317,-0.2047,0.939176,0.01,0,399.0,-407.0,-10.0,2581.0,-279.0,2284.0,3676.0,130.74344180090748
13,mild_positive,0.211406,0.085793,0.428964,9989.9115,103.8473,-0.259,0.964205,0.01,0,389.0,-412.0,-54.0,1714.0,-1345.0,292.0,3914.0,132.3040646145012
14,mild_positive,0.197114,0.078591,0.392957,9989.0054,105.2701,-0.2568,0.938935,0.01,0,350.0,-394.0,-88.0,1326.0,-2007.0,-813.0,4165.0,128.876045083527
15,mild_positive,0.183788,0.075662,0.378311,9988.2772,106.4504,-0.2107,0.805623,0.01,0,291.0,-350.0,-66.0,920.0,-1726.0,-931.0,3353.0,125.20663067958344
16,mild_positive,0.171363,0.07245,0.362249,9986.8221,107.3882,-0.1659,0.539898,0.01,0,233.0,-281.0,-50.0,246.0,-1006.0,-858.0,1816.0,121.89489122807355
17,mild_positive,0.159778,0.069215,0.346076,9985.2102,108.1136,-0.1275,0.215356,0.01,0,185.0,-215.0,-62.0,0.0,-705.0,-797.0,1167.0,119.17486978217732
18,mild_positive,0.148976,0.082597,0.340033,9984.6429,108.6666,-0.0967,-0.048636,0.01,0,140.0,-153.0,-34.0,0.0,-897.0,-944.0,1224.0,115.69647557084723
19,mild_positive,0.138904,0.163375,0.330881,9985.3517,109.0181,-0.0613,-0.323995,0.01,0,73.0,-40.0,-34.0,-759.0,-931.0,-1691.0,1837.0,110.0422345317257
20,mild_positive,0.129513,0.264078,0.348557,9983.233,109.0693,-0.0089,-0.64789,0.01,0,26.0,6.0,-151.0,-1255.0,-936.0,-2310.0,2374.0,103.81485392914952
21,mild_positive,0.120757,0.330555,0.399825,9982.918,108.8066,0.0459,-0.835302,0.01,0,3.0,108.0,-297.0,-1442.0,-768.0,-2396.0,2618.0,96.75146172000827
22,mild_positive,0.112593,0.367462,0.43862,9981.5495,108.2038,0.1058,-0.932461,0.01,0,0.0,185.0,-590.0,-1403.0,-428.0,-2236.0,2606.0,90.50328123187266
23,mild_positive,0.104981,0.390294,0.502186,9978.1766,107.3188,0.1567,-0.966191,0.01,0,0.0,212.0,-690.0,-1272.0,-193.0,-1943.0,2367.0,85.89704083257837
24,mild_positive,0.097884,0.385441,0.464029,9973.5244,106.2477,0.1915,-0.975452,0.01,0,0.0,204.0,-794.0,-1042.0,-57.0,-1689.0,2097.0,82.15091444030533
25,strong_positive,0.791266,0.393122,0.497861,9973.522,105.0429,0.2179,-0.978498,0.01,0,0.0,164.0,-750.0,-524.0,188.0,-922.0,1626.0,80.45021118689866
26,strong_positive,0.76102,0.391131,0.499973,9978.8491,103.8133,0.225,-0.970456,0.01,0,0.0,67.0,-246.0,-480.0,1061.0,402.0,1854.0,81.76332953926227
27,strong_positive,0.732019,0.359689,0.412819,9978.5524,102.7108,0.2039,-0.92375,0.01,0,0.0,42.0,-303.0,-369.0,871.0,241.0,1585.0,82.279035370027
28,mild_positive,1.004206,0.330924,0.366153,9977.0679,101.6892,0.1909,-0.858977,0.01,0,0.0,31.0,-170.0,-79.0,864.0,646.0,1144.0,83.92259594981394
29,mild_positive,0.957247,0.280988,0.34386,9973.9628,100.8008,0.1674,-0.707387,0.01,0,2.0,4.0,51.0,-9.0,861.0,909.0,937.0,86.15564628706973
30,mild_positive,0.912742,0.195097,0.315453,9973.5844,100.0686,0.139,-0.440022,0.01,0,13.0,-6.0,75.0,0.0,795.0,877.0,893.0,88.63661620831992
31,mild_positive,0.870551,0.092254,0.302556,9975.2306,99.497,0.1092,-0.105809,0.01,0,52.0,-17.0,98.0,206.0,904.0,1243.0,1279.0,91.71756793486438
32,mild_negative,0.48054,0.059976,0.299878,9976.9233,99.108,0.0746,0.252088,0.01,0,106.0,-28.0,179.0,194.0,992.0,1443.0,1499.0,95.26212957694192
33,mild_negative,0.466249,0.07251,0.362549,9958.5273,98.9157,0.0369,0.535123,0.01,0,154.0,-27.0,0.0,218.0,660.0,1005.0,1059.0,98.32313653360812
34,mild_negative,0.452299,0.076459,0.382297,9935.841,98.8861,0.0057,0.670303,0.01,0,165.0,-32.0,0.0,187.0,446.0,766.0,830.0,100.70086194102504
35,mild_negative,0.438687,0.079166,0.39583,9905.4183,98.9768,-0.0174,0.718908,0.01,0,159.0,-29.0,0.0,143.0,165.0,438.0,496.0,101.79207421296078
36,mild_negative,0.425411,0.076403,0.382016,9863.6853,99.1176,-0.027,0.688796,0.01,0,125.0,-28.0,-11.0,106.0,86.0,278.0,356.0,102.87568620050587
37,mild_negative,0.41247,0.065224,0.326122,9829.4163,99.3055,-0.036,0.661566,0.01,0,115.0,-25.0,-10.0,81.0,31.0,192.0,262.0,103.47526630152616
38,mild_negative,0.39986,0.057364,0.286819,9812.3265,99.514,-0.0398,0.608153,0.01,0,91.0,-22.0,0.0,60.0,27.0,156.0,200.0,104.03757799111281
39,mild_negative,0.037576,0.05441,0.272051,9793.2112,99.7402,-0.0431,0.557816,0.01,0,76.0,-19.0,0.0,20.0,0.0,77.0,115.0,104.5904122034389
40,mild_negative,0.049278,0.044325,0.221625,9781.0418,99.9827,-0.0461,0.51295,0.01,0,58.0,-11.0,-14.0,25.0,0.0,58.0,108.0,104.80732551490127
41,mild_negative,-0.290301,0.376936,0.216589,9789.3701,100.2239,-0.0457,0.448443,0.01,0,34.0,-6.0,0.0,0.0,0.0,28.0,40.0,104.94274262173036
42,mild_negative,-0.257395,0.345745,0.220875,9770.3797,100.4598,-0.0446,0.385702,0.01,0,20.0,9.0,-651.0,0.0,-29.0,-651.0,711.0,102.9032392338639
43,mild_negative,-0.227171,0.32604,0.247173,9751.8375,100.582,-0.0231,0.132091,0.01,0,7.0,8.0,-592.0,-18.0,0.0,-595.0,625.0,101.03356261011938
44,mild_negative,-0.199431,0.359168,0.28578,9752.1809,100.6046,-0.0043,-0.075709,0.01,0,5.0,7.0,-559.0,-29.0,0.0,-576.0,600.0,99.3226266906713
45,mild_negative,-0.523992,0.785318,0.309628,9710.0832,100.5405,0.0121,-0.229124,0.01,0,0.0,11.0,-596.0,-60.0,-539.0,-1184.0,1206.0,95.54062487490408
46,mild_negative,-0.477022,0.9386,0.37294,9651.0473,100.2905,0.0474,-0.52067,0.01,0,0.0,20.0,-1228.0,-65.0,-1212.0,-2485.0,2525.0,89.11166143269008
47,mild_negative,-0.433625,1.0,0.498133,9586.808,99.7316,0.1065,-0.820102,0.01,0,0.0,15.0,-1394.0,-64.0,-1287.0,-2730.0,2760.0,82.33993704635705
48,mild_negative,-0.393545,1.0,0.562618,9440.613,98.862,0.1671,-0.937635,0.01,0,0.0,10.0,-1502.0,-51.0,-1040.0,-2583.0,2603.0,76.6566740701324
49,mild_negative,-0.356545,1.0,0.645435,9389.5984,97.7517,0.2158,-0.971019,0.01,0,0.0,2.0,-1481.0,-40.0,-494.0,-2013.0,2017.0,71.97193778826956
50,mild_positive,-0.022404,0.889847,0.695164,9350.6239,96.4627,0.2539,-0.982295,0.01,0,0.0,4.0,-1473.0,-24.0,-252.0,-1745.0,1753.0,68.47781894193625
51,mild_positive,-0.011198,0.873089,0.67697,9412.4279,95.0635,0.2797,-0.985172,0.01,0,0.0,0.0,-1172.0,-19.0,47.0,-1144.0,1416.0,65.74225956437489
52,mild_positive,-0.001083,0.851413,0.64832,9462.0566,93.5974,0.2976,-0.985004,0.01,0,0.0,0.0,-1094.0,-16.0,446.0,-664.0,1612.0,64.37414936862227
53,mild_positive,0.008026,0.407385,0.569401,9510.1677,92.1363,0.3013,-0.978351,0.01,0,0.0,0.0,-988.0,-9.0,961.0,-36.0,1958.0,63.88435171748943
54,mild_positive,0.016209,0.391734,0.515468,9555.4595,90.7237,0.2958,-0.962135,0.01,0,0.0,0.0,-526.0,-7.0,1328.0,795.0,1861.0,65.37867203624225
55,mild_positive,0.023538,0.364671,0.483224,9594.6638,89.4564,0.2692,-0.89342,0.01,0,0.0,0.0,-453.0,-6.0,1059.0,600.0,1518.0,66.70139397560881
56,mild_positive,0.030082,0.317331,0.439932,9630.3698,88.3187,0.2448,-0.764483,0.01,0,0.0,0.0,-395.0,-3.0,805.0,407.0,1203.0,67.52466496415452
57,mild_positive,0.035904,0.269368,0.425449,9664.3617,87.279,0.2263,-0.614259,0.01,0,0.0,0.0,-322.0,-3.0,799.0,474.0,1124.0,68.56502627274051
58,mild_positive,0.041062,0.200535,0.381085,9695.9742,86.3433,0.2059,-0.414395,0.01,0,0.0,0.0,-255.0,-1.0,874.0,618.0,1130.0,69.85320028777085
59,mild_positive,0.045611,0.119971,0.335781,9723.1589,85.5188,0.1832,-0.176048,0.01,0,0.0,0.0,-145.0,0.0,1259.0,1114.0,1404.0,72.090266236903
60,mild_positive,0.0496,0.06317,0.315852,9747.3564,84.8473,0.1504,0.169519,0.01,0,0.0,0.0,-39.0,0.0,1448.0,1409.0,1487.0,74.98586343527262
61,mild_positive,0.053076,0.070778,0.353889,9771.7866,84.3543,0.1111,0.493631,0.01,0,0.0,0.0,-4.0,4.0,1335.0,1335.0,1343.0,77.61092739302838
62,mild_positive,0.056082,0.069075,0.345375,9792.1111,84.0171,0.0762,0.660598,0.01,0,0.0,0.0,-30.0,4.0,1011.0,985.0,1045.0,79.96523417865488
63,mild_positive,0.358658,0.076864,0.384319,9811.5398,83.8145,0.0459,0.741278,0.01,0,4.0,0.0,-30.0,5.0,726.0,705.0,765.0,81.6500391224661
64,mild_positive,0.340559,0.065686,0.32843,9827.1435,83.7063,0.0246,0.756774,0.01,0,12.0,0.0,-3.0,2.0,534.0,545.0,551.0,83.02481986624585
65,mild_positive,0.323472,0.069858,0.349289,9842.7692,83.6722,0.0077,0.750447,0.01,0,25.0,0.0,0.0,1.0,318.0,344.0,344.0,83.83929020040263
66,mild_positive,0.307337,0.065632,0.328161,9857.6962,83.6806,-0.0019,0.711556,0.01,0,38.0,0.0,-3.0,1.0,94.0,130.0,136.0,84.07894865295943
67,mild_positive,0.292094,0.058845,0.294227,9869.4076,83.7005,-0.0045,0.6362,0.01,0,33.0,0.0,0.0,0.0,50.0,83.0,83.0,84.20065401698086
68,mild_positive,0.277692,0.050851,0.254253,9880.9014,83.7255,-0.0057,0.555143,0.01,0,26.0,0.0,0.0,0.0,25.0,51.0,51.0,84.4154192166832
69,mild_positive,0.26408,0.047537,0.237684,9891.3685,83.76,-0.0078,0.489494,0.01,0,15.0,0.0,0.0,0.0,12.0,27.0,27.0,84.53523667482074
70,mild_positive,0.251211,0.042753,0.213764,9901.7091,83.7987,-0.0088,0.422477,0.01,0,8.0,0.0,0.0,0.0,0.0,8.0,8.0,84.55338044147551
71,mild_positive,0.23904,0.043076,0.215381,9909.9894,83.8365,-0.0086,0.353795,0.01,0,6.0,0.0,0.0,0.0,0.0,6.0,6.0,84.4786998952968
72,mild_positive,0.227526,0.039376,0.196882,9917.0708,83.8686,-0.0073,0.284798,0.01,0,4.0,0.0,0.0,0.0,0.0,4.0,4.0,84.38284101546598
73,mild_positive,0.216631,0.036358,0.181788,9924.7002,83.8943,-0.0058,0.223957,0.01,0,4.0,0.0,0.0,0.0,0.0,4.0,4.0,84.23245367713852
74,mild_positive,0.206318,0.031736,0.158679,9931.255,83.9112,-0.0038,0.166673,0.01,0,1.0,0.0,0.0,0.0,0.0,1.0,1.0,84.26337028518044
75,mild_positive,0.196554,0.029007,0.145034,9937.5992,83.9288,-0.004,0.140457,0.01,0,1.0,0.0,0.0,0.0,0.0,1.0,1.0,84.20415322535685
76,mild_positive,0.187306,0.028146,0.14073,9943.1603,83.9426,-0.0031,0.108218,0.01,0,0.0,0.0,0.0,0.0,0.0,0.0,0.0,84.30794319220749
77,mild_positive,0.178543,0.019333,0.096667,9948.5947,83.9609,-0.0041,0.101062,0.01,0,0.0,0.0,0.0,0.0,0.0,0.0,0.0,84.32701765101494
78,mild_positive,0.17024,0.013291,0.066454,9953.0489,83.9792,-0.0041,0.08513,0.01,0,0.0,0.0,0.0,0.0,0.0,0.0,0.0,84.39890013630276
79,mild_positive,0.162368,0.01652,0.082601,9957.1687,84.0001,-0.0047,0.07834,0.01,0,0.0,0.0,0.0,0.0,0.0,0.0,0.0,84.54406135724545
80,mild_positive,0.154903,0.016976,0.084878,9961.1476,84.0273,-0.0061,0.081466,0.01,0,0.0,0.0,0.0,0.0,0.0,0.0,0.0,84.6205114902128
81,mild_positive,0.147822,0.015943,0.079717,9964.5494,84.057,-0.0067,0.075857,0.01,0,0.0,0.0,0.0,0.0,0.0,0.0,0.0,84.513558038904
82,mild_positive,0.141103,0.015876,0.079378,9967.8085,84.0798,-0.0052,0.049473,0.01,0,0.0,0.0,0.0,0.0,0.0,0.0,0.0,84.45812935528579
83,mild_positive,0.134725,0.017135,0.085673,9970.4183,84.0987,-0.0043,0.033953,0.01,0,0.0,0.0,0.0,0.0,0.0,0.0,0.0,84.5053812649543
84,mild_positive,0.12867,0.014655,0.073277,9972.9244,84.1191,-0.0046,0.033463,0.01,0,0.0,0.0,0.0,0.0,0.0,0.0,0.0,84.54497111025881
85,mild_positive,0.12292,0.011594,0.057969,9975.1963,84.1404,-0.0048,0.032146,0.01,0,0.0,0.0,0.0,0.0,0.0,0.0,0.0,84.40316245429614
86,mild_positive,0.117456,0.012888,0.064441,9977.2204,84.1535,-0.003,0.009454,0.01,0,0.0,0.0,0.0,0.0,0.0,0.0,0.0,84.52271624825478
87,mild_positive,0.112265,0.009291,0.046457,9979.0236,84.172,-0.0042,0.022,0.01,0,0.0,0.0,0.0,0.0,0.0,0.0,0.0,84.41653356718525
88,mild_positive,0.107329,0.011781,0.058904,9980.5757,84.1842,-0.0028,0.005383,0.01,0,0.0,0.0,0.0,0.0,0.0,0.0,0.0,84.4168323815274
89,mild_positive,0.102636,0.005453,0.027266,9982.2838,84.1958,-0.0026,0.004449,0.01,0,0.0,0.0,0.0,0.0,0.0,0.0,0.0,84.41930723979864
90,mild_positive,0.098172,0.011002,0.05501,9983.6322,84.207,-0.0025,0.003943,0.01,0,0.0,0.0,0.0,0.0,0.0,0.0,0.0,84.38213165056744
91,mild_positive,0.093925,0.013852,0.06746,9984.7198,84.2158,-0.002,-0.0012,0.01,0,0.0,0.0,0.0,0.0,0.0,0.0,0.0,84.32448199597097
92,mild_positive,0.089883,0.0171,0.073712,9985.7224,84.2212,-0.0012,-0.00786,0.01,0,0.0,0.0,0.0,0.0,0.0,0.0,0.0,84.24114938740122
93,mild_positive,0.086035,0.023629,0.093559,9986.2649,84.2222,-0.0002,-0.016391,0.01,0,0.0,0.0,0.0,0.0,0.0,0.0,0.0,84.26313753392876
94,mild_positive,0.08237,0.028062,0.124084,9987.0476,84.2242,-0.0005,-0.010819,0.01,0,0.0,0.0,0.0,0.0,0.0,0.0,0.0,84.20053223375888
95,mild_positive,0.078879,0.032306,0.137009,9987.8476,84.2231,0.0003,-0.016348,0.01,0,0.0,0.0,0.0,0.0,0.0,0.0,0.0,84.16840943645688
96,mild_positive,0.075552,0.023352,0.09089,9988.0773,84.2203,0.0006,-0.017245,0.01,0,0.0,0.0,0.0,0.0,0.0,0.0,0.0,84.08780341919817
97,mild_negative,-0.277619,0.317051,0.062915,9988.8382,84.2137,0.0015,-0.023777,0.01,0,0.0,0.0,0.0,0.0,0.0,0.0,0.0,84.20243326228719
98,mild_negative,-0.256979,0.292458,0.079993,9954.6174,84.2131,0.0001,-0.005803,0.01,0,0.0,0.0,-194.0,0.0,0.0,-194.0,194.0,83.6900284328244
99,mild_negative,-0.2378,0.323107,0.114244,9935.1602,84.187,0.0059,-0.066017,0.01,0,0.0,0.0,-179.0,0.0,0.0,-179.0,179.0,83.28020244053212
100,mild_negative,-0.219979,0.342119,0.150617,9892.3769,84.1416,0.0102,-0.103156,0.01,0,0.0,0.0,-199.0,0.0,0.0,-199.0,199.0,82.77514576396868
101,mild_negative,-0.203423,0.352728,0.155848,9877.245,84.0733,0.0154,-0.144943,0.01,0,0.0,0.0,-217.0,0.0,0.0,-217.0,217.0,82.22622863250227
102,mild_negative,-0.188044,0.369764,0.177731,9832.7614,83.981,0.0209,-0.18438,0.01,0,0.0,0.0,-214.0,0.0,0.0,-214.0,214.0,81.65987227314226
103,mild_negative,-0.173761,0.37539,0.175881,9817.8378,83.8649,0.0263,-0.218795,0.01,0,0.0,0.0,-222.0,0.0,0.0,-222.0,222.0,81.25885586354732
104,mild_negative,-0.160497,0.367733,0.176148,9803.5132,83.7346,0.0296,-0.22796,0.01,0,0.0,0.0,-214.0,0.0,0.0,-214.0,214.0,80.7520517350426
105,mild_negative,-0.148183,0.360503,0.158799,9784.7251,83.5855,0.0339,-0.248002,0.01,0,0.0,0.0,-202.0,0.0,0.0,-202.0,202.0,80.22588350078205
106,mild_negative,-0.136751,0.3577,0.151963,9780.6293,83.4175,0.0383,-0.266939,0.01,0,0.0,0.0,-189.0,0.0,0.0,-189.0,189.0,79.74559321142492
107,mild_negative,-0.126141,0.346971,0.135843,9749.2638,83.2339,0.0419,-0.277489,0.01,0,0.0,0.0,-175.0,0.0,0.0,-175.0,175.0,79.31160853710982
108,mild_negative,-0.116295,0.336156,0.127986,9725.8918,83.0378,0.0449,-0.281112,0.01,0,0.0,0.0,-156.0,0.0,0.0,-156.0,156.0,79.03030169196116
109,mild_negative,-0.10716,0.331116,0.160053,9729.4846,82.8374,0.046,-0.266559,0.01,0,0.0,0.0,-144.0,0.0,0.0,-144.0,144.0,78.77751167854596
110,mild_negative,-0.098686,0.307717,0.145771,9720.2927,82.6344,0.0467,-0.251205,0.01,0,0.0,0.0,-148.0,0.0,0.0,-148.0,148.0,78.4986795993454
111,mild_negative,-0.090827,0.317675,0.204616,9699.5918,82.4276,0.0477,-0.241668,0.01,0,0.0,0.0,-130.0,0.0,0.0,-130.0,130.0,78.13185549266011
112,mild_negative,-0.083541,0.314328,0.210243,9702.1809,82.2128,0.0496,-0.244483,0.01,0,0.0,0.0,-150.0,0.0,0.0,-150.0,150.0,77.91298727656587
113,mild_negative,-0.076786,0.29788,0.209066,9709.4568,81.9978,0.0498,-0.229112,0.01,0,0.0,0.0,-144.0,0.0,0.0,-144.0,144.0,77.57909764028273
114,mild_negative,-0.070527,0.283315,0.186236,9701.2342,81.7769,0.0513,-0.230489,0.01,0,0.0,0.0,-131.0,0.0,0.0,-131.0,131.0,77.16215024611391
115,mild_negative,-0.064727,0.288596,0.196776,9697.0244,81.5462,0.0538,-0.241931,0.01,0,0.0,0.0,-102.0,0.0,0.0,-102.0,102.0,76.95150854251698
116,mild_negative,-0.059355,0.266453,0.178274,9697.9091,81.3164,0.0537,-0.226315,0.01,0,0.0,0.0,-115.0,0.0,0.0,-115.0,115.0,76.60543792172054
117,mild_negative,-0.05438,0.26313,0.176575,9689.1317,81.0809,0.0552,-0.2302,0.01,0,0.0,0.0,-73.0,0.0,0.0,-73.0,73.0,76.54514120991533
118,mild_negative,-0.049775,0.257127,0.221422,9664.9795,80.8541,0.0533,-0.197972,0.01,0,0.0,0.0,-72.0,0.0,0.0,-72.0,72.0,76.31265307190769
119,mild_negative,-0.045513,0.243612,0.205925,9665.1418,80.627,0.0535,-0.192883,0.01,0,0.0,0.0,-95.0,0.0,0.0,-95.0,95.0,76.08521502709132
120,mild_negative,-0.04157,0.241779,0.218321,9652.8963,80.3999,0.0537,-0.188135,0.01,0,0.0,0.0,-70.0,0.0,0.0,-70.0,70.0,76.12626701824607
121,mild_negative,-0.037923,0.203987,0.190237,9661.6857,80.1863,0.0506,-0.149949,0.01,0,0.0,0.0,-70.0,0.0,0.0,-70.0,70.0,76.0766966401491
122,mild_negative,-0.034552,0.184239,0.17936,9651.4322,79.9808,0.0488,-0.129906,0.01,0,0.0,0.0,-45.0,0.0,0.0,-45.0,45.0,75.93646067969556
123,mild_negative,-0.031436,0.1884,0.204713,9658.2844,79.7786,0.0482,-0.125131,0.01,0,0.0,0.0,-22.0,0.0,0.0,-22.0,22.0,75.87570900929246
124,mild_negative,-0.028558,0.165842,0.176903,9659.944,79.5834,0.0466,-0.110871,0.01,0,0.0,0.0,-40.0,0.0,0.0,-40.0,40.0,75.66451868238796
125,mild_negative,-0.0259,0.178226,0.202618,9661.5251,79.3875,0.0469,-0.118797,0.01,0,0.0,0.0,-10.0,0.0,0.0,-10.0,10.0,75.77315460109587
126,mild_negative,-0.023447,0.153782,0.200694,9666.1957,79.2068,0.0433,-0.083428,0.01,0,0.0,0.0,-24.0,0.0,0.0,-24.0,24.0,75.78798168356954
127,mild_negative,-0.021184,0.130758,0.174072,9670.0693,79.0358,0.0411,-0.066576,0.01,0,0.0,0.0,-11.0,0.0,0.0,-11.0,11.0,75.78838560839435
128,mild_negative,-0.019097,0.121662,0.174498,9689.0206,78.8734,0.0391,-0.054609,0.01,0,0.0,0.0,-4.0,0.0,0.0,-4.0,4.0,75.73693260008531
129,mild_negative,-0.367174,0.470602,0.181123,9697.1068,78.7166,0.0379,-0.051631,0.01,0,0.0,0.0,-1.0,0.0,0.0,-1.0,1.0,75.79389008031774
130,mild_positive,-0.041741,0.148402,0.214405,9669.1705,78.5705,0.0353,-0.034832,0.01,0,0.0,0.0,-208.0,0.0,0.0,-208.0,208.0,75.16128043577851
131,mild_positive,-0.038329,0.17612,0.176095,9700.9555,78.4,0.0413,-0.112255,0.01,0,0.0,0.0,-20.0,0.0,0.0,-20.0,20.0,75.07260802119112
132,mild_positive,-0.035169,0.15805,0.151163,9728.569,78.2337,0.0404,-0.104026,0.01,0,0.0,0.0,-15.0,0.0,0.0,-15.0,15.0,75.06576444041521
133,mild_positive,-0.032242,0.139695,0.139008,9755.118,78.0753,0.0385,-0.086417,0.01,0,0.0,0.0,-5.0,0.0,0.0,-5.0,5.0,75.0454084778614
134,mild_positive,-0.029532,0.126303,0.131376,9778.5219,77.9238,0.0369,-0.073702,0.01,0,0.0,0.0,-1.0,0.0,0.0,-1.0,1.0,75.01777916327883
135,mild_positive,-0.027023,0.120881,0.138333,9799.6111,77.7785,0.0355,-0.064208,0.01,0,0.0,0.0,0.0,0.0,0.0,0.0,0.0,75.03547444770264
136,mild_positive,-0.024701,0.108948,0.135089,9818.6261,77.6413,0.0336,-0.050352,0.01,0,0.0,0.0,0.0,0.0,0.0,0.0,0.0,75.12101767833235
137,mild_positive,-0.022553,0.081221,0.101839,9836.1312,77.5153,0.0309,-0.029887,0.01,0,0.0,0.0,0.0,0.0,0.0,0.0,0.0,74.9733103868628
138,mild_positive,-0.020567,0.090204,0.107673,9851.7625,77.3882,0.0312,-0.044279,0.01,0,0.0,0.0,0.0,0.0,0.0,0.0,0.0,75.12479819770468
139,mild_positive,0.281268,0.028224,0.11704,9864.9283,77.275,0.0278,-0.016055,0.01,0,0.0,0.0,0.0,0.0,0.0,0.0,0.0,75.16621692474885
140,mild_positive,0.262683,0.026673,0.12193,9877.6847,77.1696,0.026,-0.007623,0.01,0,0.0,0.0,3.0,0.0,0.0,3.0,3.0,75.17891956718648
141,mild_positive,0.245339,0.028694,0.136644,9888.6097,77.0701,0.0245,-0.004552,0.01,0,0.0,0.0,0.0,0.0,0.0,0.0,0.0,75.38743975365722
142,mild_positive,0.229154,0.028815,0.144075,9899.4032,76.9859,0.0208,0.024147,0.01,0,0.0,0.0,0.0,0.0,0.0,0.0,0.0,75.2748948180953
143,mild_positive,0.214049,0.02858,0.142898,9908.0892,76.9004,0.0211,0.004757,0.01,0,0.0,0.0,0.0,0.0,0.0,0.0,0.0,75.36318336372803
144,mild_positive,0.199952,0.026262,0.13131,9916.4808,76.8235,0.019,0.0157,0.01,0,0.0,0.0,0.0,0.0,0.0,0.0,0.0,75.43230661747164
145,mild_positive,0.186795,0.017929,0.089644,9924.3691,76.754,0.0172,0.0221,0.01,0,0.0,0.0,0.0,0.0,0.0,0.0,0.0,75.35849946332208
146,mild_positive,0.174515,0.019208,0.09604,9931.4763,76.6842,0.0173,0.008264,0.01,0,0.0,0.0,0.0,0.0,0.0,0.0,0.0,75.3296968549719
147,mild_positive,0.163053,0.019408,0.097038,9937.515,76.6165,0.0168,0.002928,0.01,0,0.0,0.0,0.0,0.0,0.0,0.0,0.0,75.31292251184077
148,mild_positive,0.152355,0.019833,0.099164,9943.1706,76.5513,0.0162,0.00016,0.01,0,0.0,0.0,0.0,0.0,0.0,0.0,0.0,75.25545905969051
149,mild_positive,0.142369,0.016266,0.070004,9948.6739,76.4865,0.0161,-0.007549,0.01,0,0.0,0.0,0.0,0.0,0.0,0.0,0.0,75.29741085490204
150,mild_positive,0.133047,0.010001,0.049132,9953.4141,76.427,0.0148,-0.000583,0.01,0,0.0,0.0,0.0,0.0,0.0,0.0,0.0,75.31122238298333
151,mild_positive,0.124345,0.014815,0.074076,9957.5682,76.3712,0.0139,0.001368,0.01,0,0.0,0.0,0.0,0.0,0.0,0.0,0.0,75.2295068536999
152,mild_positive,0.116221,0.017625,0.073423,9961.1055,76.3142,0.0142,-0.009802,0.01,0,0.0,0.0,0.0,0.0,0.0,0.0,0.0,75.21162995366863
153,mild_positive,0.108636,0.020587,0.08729,9964.2605,76.259,0.0137,-0.010429,0.01,0,0.0,0.0,0.0,0.0,0.0,0.0,0.0,75.22365357309519
154,mild_positive,0.101555,0.019286,0.086013,9967.6213,76.2073,0.0129,-0.006945,0.01,0,0.0,0.0,0.0,0.0,0.0,0.0,0.0,75.2702840360019
155,mild_positive,0.094944,0.016991,0.084956,9970.6507,76.1604,0.0117,0.00054,0.01,0,0.0,0.0,0.0,0.0,0.0,0.0,0.0,75.20080001132347
156,mild_positive,0.088771,0.023101,0.102228,9972.9895,76.1124,0.012,-0.00885,0.01,0,0.0,0.0,0.0,0.0,0.0,0.0,0.0,75.13719769899217
157,mild_positive,0.083007,0.022295,0.087823,9974.9141,76.0637,0.0122,-0.015768,0.01,0,0.0,0.0,0.0,0.0,0.0,0.0,0.0,75.11641260796662
158,mild_positive,0.077624,0.022279,0.087822,9976.762,76.0163,0.0118,-0.015715,0.01,0,0.0,0.0,0.0,0.0,0.0,0.0,0.0,75.00729940955291
159,mild_positive,0.072597,0.023581,0.076653,9978.5911,75.9659,0.0126,-0.027502,0.01,0,0.0,0.0,0.0,0.0,0.0,0.0,0.0,74.91769418717777
160,mild_positive,0.067903,0.023914,0.067715,9980.1842,75.9135,0.0131,-0.034569,0.01,0,0.0,0.0,0.0,0.0,0.0,0.0,0.0,74.88704239445494
161,mild_positive,0.063518,0.022266,0.062625,9981.9927,75.8621,0.0129,-0.032472,0.01,0,0.0,0.0,0.0,0.0,0.0,0.0,0.0,74.98371487490229
162,mild_positive,0.059423,0.017886,0.068924,9983.3375,75.8182,0.011,-0.013672,0.01,0,0.0,0.0,0.0,0.0,0.0,0.0,0.0,75.03811938466104
163,mild_positive,0.055598,0.013227,0.06026,9984.8475,75.7792,0.0098,-0.003916,0.01,0,0.0,0.0,0.0,0.0,0.0,0.0,0.0,75.02563975986959
164,mild_positive,0.052025,0.018983,0.087586,9985.657,75.7415,0.0095,-0.004885,0.01,0,0.0,0.0,0.0,0.0,0.0,0.0,0.0,75.15684725887817
165,mild_positive,0.048687,0.013561,0.067806,9986.831,75.7123,0.0073,0.01358,0.01,0,0.0,0.0,0.0,0.0,0.0,0.0,0.0,75.08189207572404
166,mild_positive,0.045569,0.01303,0.065148,9987.5182,75.6808,0.0079,0.001091,0.01,0,0.0,0.0,0.0,0.0,0.0,0.0,0.0,74.93515543315588
167,mild_positive,0.042655,0.017202,0.057831,9988.2704,75.6435,0.0094,-0.018784,0.01,0,0.0,0.0,0.0,0.0,0.0,0.0,0.0,74.92107171646076
168,mild_positive,0.039933,0.023058,0.089346,9989.2302,75.6074,0.0091,-0.017297,0.01,0,0.0,0.0,0.0,0.0,0.0,0.0,0.0,74.90791123895713
169,mild_positive,0.037389,0.023011,0.091125,9989.9646,75.5724,0.0088,-0.015954,0.01,0,0.0,0.0,0.0,0.0,0.0,0.0,0.0,74.88401622977673
170,mild_positive,0.035012,0.026757,0.109343,9989.9093,75.538,0.0087,-0.016293,0.01,0,0.0,0.0,0.0,0.0,0.0,0.0,0.0,74.88211564951347
171,mild_positive,0.03279,0.018982,0.074481,9990.6147,75.5052,0.0083,-0.013619,0.01,0,0.0,0.0,0.0,0.0,0.0,0.0,0.0,75.01076698313302
172,mild_positive,0.030714,0.01598,0.079899,9990.7622,75.4805,0.0062,0.006103,0.01,0,0.0,0.0,0.0,0.0,0.0,0.0,0.0,75.08439751969286
173,mild_positive,0.028773,0.019391,0.096957,9991.4601,75.4607,0.005,0.01488,0.01,0,0.0,0.0,0.0,0.0,0.0,0.0,0.0,74.96427936378362
174,mild_positive,0.026958,0.020236,0.095309,9991.97,75.4358,0.0063,-0.003914,0.01,0,0.0,0.0,0.0,0.0,0.0,0.0,0.0,74.94876279370031
175,mild_positive,0.025262,0.024302,0.113572,9992.5054,75.4115,0.0061,-0.005293,0.01,0,0.0,0.0,0.0,0.0,0.0,0.0,0.0,74.93234356469814
176,mild_positive,0.023676,0.021452,0.097441,9993.0113,75.3875,0.006,-0.006545,0.01,0,0.0,0.0,0.0,0.0,0.0,0.0,0.0,74.94111304194305
177,mild_positive,0.022193,0.025709,0.122262,9992.8479,75.3652,0.0056,-0.00419,0.01,0,0.0,0.0,0.0,0.0,0.0,0.0,0.0,75.0300615170717
178,mild_positive,0.020807,0.03223,0.16115,9993.1894,75.3485,0.0042,0.008503,0.01,0,0.0,0.0,0.0,0.0,0.0,0.0,0.0,74.96807794268163
179,mild_positive,0.01951,0.028598,0.140971,9993.5241,75.3294,0.0048,-0.001346,0.01,0,0.0,0.0,0.0,0.0,0.0,0.0,0.0,74.96282891294037
180,mild_positive,0.018297,0.024976,0.122165,9992.9656,75.3111,0.0046,-0.001809,0.01,0,0.0,0.0,0.0,0.0,0.0,0.0,0.0,74.8151015895067
181,mild_positive,0.017162,0.035229,0.144158,9992.8233,75.2863,0.0063,-0.021324,0.01,0,0.0,0.0,0.0,0.0,0.0,0.0,0.0,74.66244934152724
182,mild_positive,0.016101,0.044478,0.165376,9993.1398,75.2551,0.0079,-0.03801,0.01,0,0.0,0.0,0.0,0.0,0.0,0.0,0.0,74.58908733799913
183,mild_positive,0.015108,0.040589,0.141362,9992.5249,75.2218,0.0084,-0.041055,0.01,0,0.0,0.0,0.0,0.0,0.0,0.0,0.0,74.67184620052781
184,mild_positive,0.014179,0.031365,0.123004,9992.9452,75.1943,0.0069,-0.022548,0.01,0,0.0,0.0,0.0,0.0,0.0,0.0,0.0,74.6550862244513
185,mild_positive,0.013309,0.028259,0.110168,9992.9431,75.1674,0.0068,-0.020752,0.01,0,0.0,0.0,0.0,0.0,0.0,0.0,0.0,74.66865151640131
186,mild_positive,0.012495,0.020159,0.078004,9992.9049,75.1424,0.0063,-0.015195,0.01,0,0.0,0.0,0.0,0.0,0.0,0.0,0.0,74.66509069915737
187,mild_positive,0.011734,0.015719,0.05918,9993.4557,75.1185,0.006,-0.012942,0.01,0,0.0,0.0,0.0,0.0,0.0,0.0,0.0,74.67350343822146
188,mild_positive,0.011021,0.011138,0.04147,9993.9386,75.0963,0.0056,-0.009481,0.01,0,0.0,0.0,0.0,0.0,0.0,0.0,0.0,74.64865586451126
189,mild_positive,0.010353,0.009566,0.031144,9994.291,75.0739,0.0057,-0.011123,0.01,0,0.0,0.0,0.0,0.0,0.0,0.0,0.0,74.58129257001364
190,mild_negative,-0.340272,0.366005,0.037029,9994.5824,75.0493,0.0062,-0.018202,0.01,0,0.0,0.0,0.0,0.0,0.0,0.0,0.0,74.50829541645119
191,mild_negative,-0.317196,0.364634,0.081436,9942.7736,75.0222,0.0069,-0.024773,0.01,0,0.0,0.0,-133.0,0.0,0.0,-133.0,133.0,74.1952376632214
192,mild_negative,-0.295682,0.392908,0.149233,9920.7474,74.9809,0.0105,-0.062556,0.01,0,0.0,0.0,-142.0,0.0,0.0,-142.0,142.0,73.82637233755088
193,mild_negative,-0.275624,0.397938,0.154162,9868.4949,74.9232,0.0146,-0.101081,0.01,0,0.0,0.0,-161.0,0.0,0.0,-161.0,161.0,73.45844180165084
194,mild_negative,-0.256925,0.415242,0.196921,9823.9441,74.8499,0.0186,-0.13258,0.01,0,0.0,0.0,-154.0,0.0,0.0,-154.0,154.0,73.10451767973957
195,mild_negative,-0.239493,0.416326,0.207158,9780.5545,74.7627,0.0222,-0.156616,0.01,0,0.0,0.0,-162.0,0.0,-26.0,-188.0,188.0,72.65191727870035
196,mild_negative,-0.223241,0.424595,0.219031,9751.6705,74.6571,0.0269,-0.18957,0.01,0,0.0,0.0,-158.0,0.0,-25.0,-183.0,183.0,72.28239991967952
197,mild_negative,-0.20809,0.428243,0.241789,9718.528,74.5384,0.0303,-0.205728,0.01,0,0.0,0.0,-155.0,0.0,-37.0,-192.0,192.0,72.00807815021012
198,mild_negative,-0.193966,0.40756,0.224133,9681.4376,74.4119,0.0323,-0.206568,0.01,0,0.0,0.0,-152.0,0.0,-37.0,-189.0,189.0,71.5520025735104
199,mild_negative,-0.180798,0.414795,0.237726,9680.3843,74.2689,0.0366,-0.231511,0.01,0,0.0,0.0,-138.0,0.0,0.0,-138.0,138.0,71.16572795595552
200,mild_negative,-0.168522,0.410815,0.241242,9655.2707,74.1137,0.0398,-0.242994,0.01,0,0.0,0.0,-137.0,0.0,0.0,-137.0,137.0,70.89535665236025
201,mild_negative,-0.157078,0.399275,0.249501,9613.8073,73.9528,0.0413,-0.237328,0.01,0,0.0,0.0,-135.0,0.0,0.0,-135.0,135.0,70.5896475247618
202,mild_negative,-0.146409,0.389416,0.251258,9616.6472,73.7846,0.0433,-0.237505,0.01,0,0.0,0.0,-125.0,0.0,0.0,-125.0,125.0,70.24648874720918
203,mild_negative,-0.486464,0.749978,0.294528,9590.6918,73.6077,0.0457,-0.242838,0.01,0,0.0,0.0,-120.0,-2.0,-133.0,-255.0,255.0,69.57002894524784
204,mild_negative,-0.45353,0.752369,0.309682,9551.0885,73.4058,0.0523,-0.29161,0.01,0,0.0,0.0,-239.0,-2.0,-384.0,-625.0,625.0,68.13793609550522
205,mild_negative,-0.422824,0.813483,0.338962,9472.6592,73.1425,0.0684,-0.425122,0.01,0,0.0,0.0,-229.0,-1.0,-428.0,-658.0,658.0,66.74721511568396
206,mild_positive,-0.094196,0.551403,0.360847,9406.786,72.8227,0.0834,-0.521447,0.01,0,0.0,0.0,-230.0,0.0,-327.0,-557.0,557.0,65.50291831331444
207,mild_positive,-0.087787,0.573432,0.343468,9458.9484,72.4567,0.096,-0.580431,0.01,0,0.0,0.0,-142.0,0.0,-44.0,-186.0,186.0,64.94200315394676
208,mild_positive,-0.081812,0.541149,0.308316,9509.5266,72.081,0.099,-0.560018,0.01,0,0.0,0.0,-136.0,0.0,-42.0,-178.0,178.0,64.42353013913545
209,mild_positive,-0.076243,0.524883,0.313909,9551.7334,71.6981,0.1015,-0.538461,0.01,0,0.0,0.0,-119.0,0.0,-36.0,-155.0,155.0,63.951692237128775
210,mild_positive,-0.071051,0.508812,0.321573,9591.4814,71.3108,0.1032,-0.51522,0.01,0,0.0,0.0,-113.0,0.0,-33.0,-146.0,146.0,63.51239641355351
211,mild_positive,-0.066212,0.476276,0.287266,9630.7411,70.9209,0.1045,-0.491929,0.01,0,0.0,0.0,-110.0,0.0,0.0,-110.0,110.0,63.338216834212965
212,mild_positive,-0.061701,0.425708,0.250636,9662.5786,70.5417,0.1021,-0.439589,0.01,0,0.0,0.0,-95.0,0.0,0.0,-95.0,95.0,62.98389192092604
213,mild_positive,-0.057496,0.405745,0.244388,9691.63,70.1638,0.1023,-0.41749,0.01,0,0.0,0.0,-81.0,0.0,0.0,-81.0,81.0,62.93119974571723
214,mild_positive,-0.053577,0.355531,0.217505,9719.974,69.8022,0.0984,-0.358254,0.01,0,0.0,0.0,-74.0,0.0,0.0,-74.0,74.0,62.75375137803336
215,mild_positive,-0.049923,0.331791,0.21762,9744.5377,69.4498,0.0964,-0.324699,0.01,0,0.0,0.0,-60.0,0.0,0.0,-60.0,60.0,62.61624004157682
216,mild_positive,-0.046518,0.304115,0.208084,9766.3048,69.1081,0.0939,-0.290606,0.01,0,0.0,0.0,-53.0,0.0,0.0,-53.0,53.0,62.45608646498754
217,mild_positive,-0.043344,0.268492,0.164929,9786.391,68.7755,0.0919,-0.265293,0.01,0,0.0,0.0,-41.0,0.0,0.0,-41.0,41.0,62.39864878274584
218,mild_positive,-0.040386,0.25304,0.18863,9805.4663,68.4567,0.0885,-0.228671,0.01,0,0.0,0.0,-25.0,0.0,0.0,-25.0,25.0,62.43812223395017
219,mild_positive,-0.037628,0.232515,0.2127,9821.6595,68.1557,0.0839,-0.183011,0.01,0,0.0,0.0,-25.0,0.0,0.0,-25.0,25.0,62.413909077814466
220,mild_positive,-0.035058,0.201789,0.184708,9836.9902,67.8686,0.0804,-0.154746,0.01,0,0.0,0.0,-23.0,0.0,0.0,-23.0,23.0,62.35386393138166
221,mild_positive,-0.032663,0.18085,0.165065,9852.1906,67.5929,0.0775,-0.136936,0.01,0,0.0,0.0,-9.0,0.0,0.0,-9.0,9.0,62.39970732171035
222,mild_positive,-0.03043,0.158065,0.160953,9866.288,67.3332,0.0733,-0.105423,0.01,0,0.0,0.0,-3.0,0.0,0.0,-3.0,3.0,62.32185665252963
223,mild_positive,-0.02835,0.150968,0.15793,9878.0792,67.0827,0.071,-0.099077,0.01,0,0.0,0.0,0.0,0.0,0.0,0.0,0.0,62.29789088467887
224,mild_positive,-0.02641,0.142165,0.161496,9889.3339,66.8434,0.068,-0.08526,0.01,0,0.0,0.0,0.0,0.0,0.0,0.0,0.0,62.41305538240874
225,mild_positive,-0.024603,0.132086,0.191367,9898.7328,66.6219,0.0632,-0.051562,0.01,0,0.0,0.0,0.0,0.0,0.0,0.0,0.0,62.34596840353351
226,mild_positive,-0.022918,0.123911,0.172833,9907.03,66.4081,0.0612,-0.0531,0.01,0,0.0,0.0,0.0,0.0,0.0,0.0,0.0,62.50022171236566
227,mild_positive,-0.021348,0.090402,0.144484,9915.7902,66.2127,0.0561,-0.018767,0.01,0,0.0,0.0,0.0,0.0,0.0,0.0,0.0,62.54391044375166
228,mild_positive,-0.019885,0.068348,0.10861,9923.8132,66.0293,0.0528,-0.008364,0.01,0,0.0,0.0,0.0,0.0,0.0,0.0,0.0,62.505111835159575
229,mild_positive,-0.018522,0.062758,0.090938,9930.954,65.8531,0.0508,-0.013102,0.01,0,0.0,0.0,0.0,0.0,0.0,0.0,0.0,62.50525669691448
230,mild_positive,-0.017251,0.059579,0.089737,9937.2486,65.6857,0.0484,-0.010722,0.01,0,0.0,0.0,0.0,0.0,0.0,0.0,0.0,62.490094973027574
231,mild_positive,-0.016067,0.072864,0.125143,9942.2307,65.5259,0.0463,-0.011233,0.01,0,0.0,0.0,0.0,0.0,0.0,0.0,0.0,62.43481246696498
232,mild_positive,-0.014964,0.069382,0.108876,9946.9172,65.3713,0.0449,-0.018114,0.01,0,0.0,0.0,0.0,0.0,0.0,0.0,0.0,62.38392325561912
233,mild_positive,-0.013935,0.071675,0.109767,9950.7923,65.222,0.0435,-0.023055,0.01,0,0.0,0.0,0.0,0.0,0.0,0.0,0.0,62.38600693960991
234,mild_positive,-0.012977,0.066369,0.105617,9954.8266,65.0802,0.0414,-0.018575,0.01,0,0.0,0.0,0.0,0.0,0.0,0.0,0.0,62.37051259012039
235,mild_positive,-0.012085,0.073161,0.12609,9958.959,64.9447,0.0396,-0.017734,0.01,0,0.0,0.0,0.0,0.0,0.0,0.0,0.0,62.28088060627398
236,mild_positive,-0.011253,0.096722,0.170173,9962.0898,64.8115,0.039,-0.029,0.01,0,0.0,0.0,0.0,0.0,0.0,0.0,0.0,62.22558368710157
237,mild_positive,-0.010477,0.088668,0.146405,9964.1789,64.6822,0.038,-0.032714,0.01,0,0.0,0.0,0.0,0.0,0.0,0.0,0.0,62.273896336926974
238,mild_positive,-0.009755,0.07196,0.126953,9966.6829,64.5618,0.0354,-0.019039,0.01,0,0.0,0.0,0.0,0.0,0.0,0.0,0.0,62.31048202684541
239,mild_positive,-0.009082,0.071315,0.141019,9968.3108,64.4492,0.0332,-0.009709,0.01,0,0.0,0.0,0.0,0.0,0.0,0.0,0.0,62.31981512680332
240,mild_positive,-0.008455,0.070593,0.145662,9969.9609,64.3428,0.0314,-0.006455,0.01,0,0.0,0.0,0.0,0.0,0.0,0.0,0.0,62.397333595680855
241,mild_positive,-0.007871,0.077008,0.172843,9971.0173,64.2455,0.0288,0.007217,0.01,0,0.0,0.0,0.0,0.0,0.0,0.0,0.0,62.33977840975677
242,mild_positive,-0.007327,0.077602,0.170632,9972.6774,64.1502,0.0282,-0.00337,0.01,0,0.0,0.0,0.0,0.0,0.0,0.0,0.0,62.30580388407658
243,mild_positive,-0.00682,0.071702,0.149834,9974.4999,64.058,0.0274,-0.008249,0.01,0,0.0,0.0,0.0,0.0,0.0,0.0,0.0,62.38410056085173
244,mild_positive,-0.006347,0.066789,0.151104,9975.2674,63.9743,0.0249,0.005874,0.01,0,0.0,0.0,0.0,0.0,0.0,0.0,0.0,62.34557596358001
245,mild_positive,-0.005907,0.071747,0.162497,9977.2821,63.8929,0.0242,-0.001401,0.01,0,0.0,0.0,0.0,0.0,0.0,0.0,0.0,62.36640530354831
246,mild_positive,-0.005497,0.072047,0.166373,9977.649,63.8165,0.0227,0.002213,0.01,0,0.0,0.0,0.0,0.0,0.0,0.0,0.0,62.32637441252171
247,mild_positive,-0.005116,0.073249,0.163362,9978.0008,63.742,0.0222,-0.004647,0.01,0,0.0,0.0,0.0,0.0,0.0,0.0,0.0,62.37466168888327
248,mild_positive,-0.00476,0.073541,0.171953,9979.7103,63.6737,0.0204,0.003983,0.01,0,0.0,0.0,0.0,0.0,0.0,0.0,0.0,62.50108921086989
249,mild_positive,-0.004429,0.076937,0.181272,9980.2104,63.615,0.0175,0.023648,0.01,0,0.0,0.0,0.0,0.0,0.0,0.0,0.0,62.63248670423244
250,mild_positive,-0.00412,0.081487,0.193417,9981.6487,63.5659,0.0147,0.040524,0.01,0,0.0,0.0,0.0,0.0,0.0,0.0,0.0,62.586720062970755
251,mild_positive,-0.003833,0.079449,0.189041,9982.1311,63.5169,0.0146,0.025862,0.01,0,0.0,0.0,0.0,0.0,0.0,0.0,0.0,62.51671088009122
252,mild_positive,-0.003565,0.071155,0.168976,9982.4275,63.4669,0.015,0.009935,0.01,0,0.0,0.0,0.0,0.0,0.0,0.0,0.0,62.3117503698941
253,mild_positive,-0.003316,0.081516,0.15817,9982.8088,63.4092,0.0173,-0.024887,0.01,0,0.0,0.0,0.0,0.0,0.0,0.0,0.0,62.301715851975096
254,mild_positive,-0.003084,0.084366,0.170156,9983.5212,63.3538,0.0166,-0.022034,0.01,0,0.0,0.0,0.0,0.0,0.0,0.0,0.0,62.26772181774712
255,mild_positive,-0.002868,0.072944,0.139853,9984.4964,63.2995,0.0163,-0.02356,0.01,0,0.0,0.0,0.0,0.0,0.0,0.0,0.0,62.28721733176141
256,mild_positive,-0.002666,0.067487,0.137785,9984.5717,63.2489,0.0152,-0.016178,0.01,0,0.0,0.0,0.0,0.0,0.0,0.0,0.0,62.287365395879846
257,mild_positive,-0.002479,0.058733,0.120767,9985.738,63.2008,0.0145,-0.013245,0.01,0,0.0,0.0,0.0,0.0,0.0,0.0,0.0,62.2747217546387
258,mild_positive,-0.002304,0.055937,0.114725,9986.2969,63.1545,0.0139,-0.012905,0.01,0,0.0,0.0,0.0,0.0,0.0,0.0,0.0,62.31682332043136
259,mild_positive,-0.002142,0.058239,0.134565,9986.1432,63.1126,0.0126,-0.003784,0.01,0,0.0,0.0,0.0,0.0,0.0,0.0,0.0,62.40243541203203
260,mild_positive,-0.001991,0.053857,0.129667,9986.0256,63.0771,0.0107,0.010714,0.01,0,0.0,0.0,0.0,0.0,0.0,0.0,0.0,62.35199138463105
261,mild_positive,-0.00185,0.050888,0.122595,9986.5408,63.0409,0.0109,0.000645,0.01,0,0.0,0.0,0.0,0.0,0.0,0.0,0.0,62.343025734171334
262,mild_positive,-0.001719,0.037647,0.088443,9986.7721,63.006,0.0105,-0.000918,0.01,0,0.0,0.0,0.0,0.0,0.0,0.0,0.0,62.305130868968384
263,mild_positive,-0.001597,0.046329,0.101524,9986.9815,62.9709,0.0106,-0.006871,0.01,0,0.0,0.0,0.0,0.0,0.0,0.0,0.0,62.279964694136936
264,mild_positive,-0.001483,0.051548,0.110615,9987.3417,62.9364,0.0104,-0.009699,0.01,0,0.0,0.0,0.0,0.0,0.0,0.0,0.0,62.21923223771755
265,mild_positive,-0.001378,0.071512,0.148686,9988.2071,62.9005,0.0108,-0.017767,0.01,0,0.0,0.0,0.0,0.0,0.0,0.0,0.0,62.22954763603501
266,mild_positive,-0.001279,0.061668,0.131615,9987.7613,62.867,0.0101,-0.012905,0.01,0,0.0,0.0,0.0,0.0,0.0,0.0,0.0,62.21208794043039
267,mild_positive,-0.001188,0.060285,0.127634,9987.8494,62.8342,0.0099,-0.013406,0.01,0,0.0,0.0,0.0,0.0,0.0,0.0,0.0,62.17851000382594
268,mild_positive,-0.001102,0.060895,0.124845,9987.7685,62.8014,0.0099,-0.016425,0.01,0,0.0,0.0,0.0,0.0,0.0,0.0,0.0,62.11396552420903
269,mild_positive,-0.001023,0.074982,0.149028,9987.7322,62.7671,0.0104,-0.023913,0.01,0,0.0,0.0,0.0,0.0,0.0,0.0,0.0,62.0961954100426
270,mild_positive,-0.000949,0.068892,0.13612,9988.1145,62.7335,0.0102,-0.022492,0.01,0,0.0,0.0,0.0,0.0,0.0,0.0,0.0,61.982670721866704
271,mild_positive,-0.000881,0.076031,0.132627,9987.8924,62.696,0.0114,-0.036832,0.01,0,0.0,0.0,0.0,0.0,0.0,0.0,0.0,61.99272415411026
272,mild_positive,-0.000817,0.072464,0.136229,9987.6174,62.6608,0.0107,-0.028591,0.01,0,0.0,0.0,0.0,0.0,0.0,0.0,0.0,61.9452221549523
273,mild_positive,-0.000758,0.071795,0.130859,9987.6357,62.625,0.0109,-0.031156,0.01,0,0.0,0.0,0.0,0.0,0.0,0.0,0.0,61.9484624659375
274,mild_positive,-0.000703,0.061174,0.113627,9987.5742,62.5912,0.0103,-0.025035,0.01,0,0.0,0.0,0.0,0.0,0.0,0.0,0.0,61.95739250145396
275,mild_negative,-0.350651,0.406818,0.111785,9987.779,62.5595,0.0096,-0.019087,0.01,0,0.0,0.0,0.0,0.0,0.0,0.0,0.0,61.804013155640035
276,mild_negative,-0.326941,0.416396,0.162805,9924.0641,62.5217,0.0115,-0.040555,0.01,0,0.0,0.0,-76.0,0.0,0.0,-76.0,76.0,61.719725163623934
277,mild_negative,-0.304835,0.399119,0.165257,9885.7071,62.4816,0.0122,-0.04697,0.01,0,0.0,0.0,-81.0,0.0,0.0,-81.0,81.0,61.68589587950916
278,mild_negative,-0.284222,0.386078,0.188569,9844.2445,62.4419,0.0121,-0.044047,0.01,0,0.0,0.0,-73.0,0.0,0.0,-73.0,73.0,61.582624892546434
279,mild_negative,-0.265004,0.372499,0.189316,9831.0503,62.3989,0.0131,-0.052948,0.01,0,0.0,0.0,-70.0,0.0,0.0,-70.0,70.0,61.3821961135465
280,mild_negative,-0.247085,0.383052,0.225801,9798.8847,62.3481,0.0155,-0.076078,0.01,0,0.0,0.0,-67.0,0.0,0.0,-67.0,67.0,61.365906937550356
281,mild_negative,-0.230377,0.349672,0.200533,9756.5525,62.2989,0.015,-0.065135,0.01,0,0.0,0.0,-69.0,0.0,0.0,-69.0,69.0,61.247064683616316
282,mild_negative,-0.214799,0.337232,0.196784,9723.5194,62.2464,0.0161,-0.072865,0.01,0,0.0,0.0,-62.0,0.0,0.0,-62.0,62.0,61.153055972689906
283,mild_negative,-0.200275,0.329568,0.21045,9716.6635,62.1917,0.0167,-0.075189,0.01,0,0.0,0.0,-59.0,0.0,0.0,-59.0,59.0,61.44229027896046
284,mild_negative,-0.186732,0.29307,0.244242,9686.4685,62.1542,0.0115,-0.014402,0.01,0,0.0,0.0,-53.0,0.0,0.0,-53.0,53.0,61.489652223710664
285,mild_negative,-0.174105,0.272028,0.238716,9686.4463,62.121,0.0102,-0.00406,0.01,0,0.0,0.0,-52.0,0.0,0.0,-52.0,52.0,61.3237932337691
286,mild_negative,-0.162332,0.269792,0.222919,9692.0644,62.0811,0.0122,-0.030486,0.01,0,0.0,0.0,-46.0,0.0,0.0,-46.0,46.0,61.294732551645374
287,mild_negative,-0.151355,0.271921,0.256757,9666.5173,62.0418,0.012,-0.029773,0.01,0,0.0,0.0,-42.0,0.0,0.0,-42.0,42.0,61.29314529445668
288,mild_negative,-0.49112,0.592994,0.217657,9641.6057,62.0044,0.0115,-0.024685,0.01,0,0.0,0.0,-46.0,0.0,-87.0,-133.0,133.0,61.15491601815453
289,mild_negative,-0.457915,0.566753,0.207713,9629.4028,61.9619,0.013,-0.042922,0.01,0,0.0,0.0,-86.0,0.0,-202.0,-288.0,288.0,60.55869716616677
290,mild_negative,-0.426955,0.60904,0.256076,9568.5458,61.8917,0.0215,-0.132758,0.01,0,0.0,0.0,-83.0,0.0,-185.0,-268.0,268.0,60.10215847053561
291,mild_negative,-0.398088,0.617871,0.274424,9526.8787,61.8023,0.0275,-0.183356,0.01,0,0.0,0.0,-85.0,0.0,-237.0,-322.0,322.0,59.52133782010408
292,mild_negative,-0.371172,0.62959,0.279424,9511.3802,61.6882,0.0351,-0.244413,0.01,0,0.0,0.0,-80.0,0.0,-248.0,-328.0,328.0,58.960622768641606
293,mild_negative,-0.346077,0.647003,0.3159,9468.5297,61.5518,0.0421,-0.290943,0.01,0,0.0,0.0,-75.0,0.0,-247.0,-322.0,322.0,58.32889080995323
294,mild_negative,-0.322678,0.660511,0.334921,9423.4843,61.3907,0.0499,-0.339773,0.01,0,0.0,0.0,-75.0,0.0,-287.0,-362.0,362.0,57.67453771876678
295,mild_negative,-0.300861,0.664509,0.334648,9368.6829,61.2049,0.0577,-0.382981,0.01,0,0.0,0.0,-73.0,0.0,-283.0,-356.0,356.0,56.89989068652818
296,mild_negative,-0.280519,0.668949,0.317771,9357.1614,60.9896,0.0671,-0.435536,0.01,0,0.0,0.0,-71.0,0.0,-228.0,-299.0,299.0,56.37937485196041
297,mild_negative,-0.261553,0.664021,0.341676,9327.457,60.7591,0.0721,-0.442996,0.01,0,0.0,0.0,-67.0,0.0,-180.0,-247.0,247.0,55.992488355738274
298,mild_negative,-0.243868,0.643562,0.353147,9275.7027,60.5208,0.0748,-0.430726,0.01,0,0.0,0.0,-64.0,0.0,-169.0,-233.0,233.0,55.505840466618864
299,mild_negative,-0.22738,0.626816,0.345543,9248.2328,60.27,0.079,-0.435365,0.01,0,0.0,0.0,-59.0,0.0,-90.0,-149.0,149.0,55.094468740170505
300,mild_positive,0.087994,0.203077,0.372165,9270.4635,60.0113,0.0819,-0.428814,0.01,0,0.0,0.0,-55.0,0.0,-59.0,-114.0,114.0,55.011862292507544
301,mild_positive,0.082047,0.174544,0.311933,9342.3872,59.7613,0.0795,-0.373858,0.01,0,0.0,0.0,-11.0,0.0,0.0,-11.0,11.0,54.967269396433956
302,mild_positive,0.076501,0.14532,0.246431,9406.4646,59.5216,0.0765,-0.320113,0.01,0,0.0,0.0,-3.0,0.0,0.0,-3.0,3.0,54.916314917428295
303,mild_positive,0.071331,0.123939,0.207026,9462.9993,59.2913,0.0738,-0.275111,0.01,0,0.0,0.0,0.0,0.0,0.0,0.0,0.0,54.85635372294726
304,mild_positive,0.06651,0.10883,0.186311,9515.7686,59.0696,0.0713,-0.23856,0.01,0,0.0,0.0,0.0,0.0,0.0,0.0,0.0,54.8429164829229
305,mild_positive,0.062015,0.094828,0.174481,9563.6252,58.8582,0.0682,-0.199772,0.01,0,0.0,0.0,0.0,0.0,0.0,0.0,0.0,54.991939926196906
306,mild_negative,-0.292177,0.437105,0.154734,9606.2644,58.6649,0.0626,-0.138391,0.01,0,0.0,0.0,0.0,0.0,0.0,0.0,0.0,55.04065361763394
307,mild_negative,-0.272422,0.407118,0.179033,9592.034,58.4837,0.0589,-0.105137,0.01,0,0.0,0.0,-35.0,0.0,0.0,-35.0,35.0,54.95663335899466
308,mild_negative,-0.254004,0.381899,0.167316,9602.9601,58.3074,0.0575,-0.101615,0.01,0,0.0,0.0,-30.0,0.0,0.0,-30.0,30.0,54.96354251735726
309,mild_negative,-0.23683,0.369862,0.209178,9608.3816,58.1402,0.0546,-0.082267,0.01,0,0.0,0.0,-27.0,0.0,0.0,-27.0,27.0,54.878050481989256
310,mild_negative,-0.220818,0.355638,0.212382,9589.319,57.9771,0.0535,-0.083112,0.01,0,0.0,0.0,-27.0,0.0,0.0,-27.0,27.0,54.82842909127449
311,mild_negative,-0.205888,0.347269,0.237496,9571.0737,57.8196,0.0517,-0.077304,0.01,0,0.0,0.0,-26.0,0.0,0.0,-26.0,26.0,54.81871191933008
312,mild_negative,-0.191968,0.327851,0.241814,9584.5122,57.6696,0.0494,-0.065262,0.01,0,0.0,0.0,-26.0,0.0,0.0,-26.0,26.0,54.67294752673722
313,crisis,-0.978989,1.0,0.246371,9592.1819,57.5198,0.0495,-0.080195,0.01,0,0.0,0.0,-22.0,-2.0,-370.0,-394.0,394.0,53.93555619908604
314,crisis,-0.939371,1.0,0.348737,9046.263,57.3405,0.0594,-0.199289,0.01,0,0.0,2.0,-84.0,-1.0,-833.0,-916.0,920.0,52.17533949077258
315,crisis,-0.901519,1.0,0.457054,8617.0971,57.0823,0.086,-0.459046,0.01,0,0.0,1.0,-85.0,0.0,-876.0,-960.0,962.0,50.01224391497116
316,crisis,-0.865342,1.0,0.554834,8122.5701,56.7288,0.1184,-0.678344,0.01,0,0.0,0.0,-84.0,0.0,-875.0,-959.0,959.0,48.30290941126104
317,crisis,-0.83076,1.0,0.652579,7788.098,56.3075,0.1422,-0.771244,0.01,0,0.0,1.0,-80.0,0.0,-846.0,-925.0,927.0,46.11826339516896
318,crisis,-0.797693,1.0,0.711073,7235.8833,55.798,0.1735,-0.861002,0.01,0,0.0,1.0,-75.0,0.0,-771.0,-845.0,847.0,44.19156376810841
319,crisis,-0.766067,1.0,0.76898,6721.5611,55.2177,0.1997,-0.903266,0.01,0,0.0,0.0,-75.0,0.0,-596.0,-671.0,671.0,42.51162560254511
320,mild_negative,-1.085812,1.0,0.792907,6316.1062,54.5824,0.2211,-0.923621,0.01,0,0.0,0.0,-74.0,-1.0,-431.0,-506.0,506.0,41.38766821821691
321,mild_negative,-1.033199,1.0,0.867112,6473.5119,53.9227,0.2325,-0.922226,0.01,0,0.0,0.0,-76.0,0.0,-328.0,-404.0,404.0,40.433227481247805
322,mild_negative,-0.983429,1.0,0.87259,6732.5312,53.2482,0.2407,-0.915903,0.01,0,0.0,0.0,-70.0,0.0,-304.0,-374.0,374.0,39.497025227884215
323,mild_negative,-0.936332,1.0,0.9175,6854.1055,52.5606,0.2485,-0.910341,0.01,0,0.0,0.0,-62.0,0.0,-237.0,-299.0,299.0,38.80240705749011
324,mild_negative,-0.891753,1.0,0.907532,6970.3116,51.8727,0.252,-0.895142,0.01,0,0.0,0.0,-60.0,0.0,-154.0,-214.0,214.0,38.46016187802861
325,mild_negative,-0.849543,1.0,0.859714,7087.3091,51.2021,0.2489,-0.859849,0.01,0,0.0,0.0,-56.0,0.0,-142.0,-198.0,198.0,38.11772138507528
326,mild_negative,-0.809565,1.0,0.844421,7218.1135,50.5479,0.2459,-0.822049,0.01,0,0.0,0.0,-46.0,0.0,-131.0,-177.0,177.0,37.98058797346861
327,mild_negative,-0.77169,1.0,0.809309,7409.4553,49.9195,0.2392,-0.762528,0.01,0,0.0,0.0,-41.0,0.0,-93.0,-134.0,134.0,37.89742387139434
328,mild_negative,-0.735795,1.0,0.802589,7452.1991,49.3184,0.2316,-0.692751,0.01,0,0.0,0.0,-35.0,0.0,-50.0,-85.0,85.0,37.86921517633871
329,mild_negative,-0.701768,1.0,0.759921,7562.6656,48.7459,0.2231,-0.613295,0.01,0,0.0,0.0,-33.0,0.0,-46.0,-79.0,79.0,37.6644195967736
330,mild_negative,-0.6695,1.0,0.72384,7663.3204,48.1919,0.2184,-0.567669,0.01,0,0.0,0.0,-28.0,0.0,-42.0,-70.0,70.0,37.56519967376969
331,mild_negative,-0.638892,1.0,0.660367,7732.6119,47.6605,0.2118,-0.506711,0.01,0,0.0,0.0,-26.0,0.0,7.0,-19.0,77.0,37.499053219900006
332,mild_negative,-0.609849,1.0,0.628663,7856.745,47.1525,0.2047,-0.444908,0.01,0,0.0,0.0,-22.0,0.0,9.0,-13.0,69.0,37.514081803343615
333,mild_negative,-0.582282,1.0,0.558961,7918.2924,46.6705,0.1962,-0.371809,0.01,0,0.0,0.0,-21.0,0.0,9.0,-12.0,66.0,37.45982007683999
334,mild_negative,-0.55611,0.955997,0.513683,8028.0737,46.21,0.1894,-0.324023,0.01,0,0.0,0.0,-16.0,0.0,10.0,-6.0,58.0,37.33267855561951
335,mild_negative,-0.531253,0.919481,0.519075,8108.7356,45.7661,0.1843,-0.300996,0.01,0,0.0,0.0,-16.0,0.0,13.0,-3.0,55.0,37.324483112465835
336,mild_negative,-0.507639,0.867603,0.52149,8140.7962,45.3441,0.1769,-0.25228,0.01,0,0.0,0.0,-14.0,0.0,11.0,-3.0,51.0,37.49267410793754
337,mild_negative,-0.485198,0.790147,0.513973,8238.2957,44.9515,0.1659,-0.1656,0.01,0,0.0,0.0,-13.0,0.0,23.0,10.0,36.0,37.465224054893376
338,mild_negative,-0.463865,0.741227,0.477909,8356.1356,44.5772,0.1595,-0.143664,0.01,0,0.0,0.0,-12.0,0.0,22.0,10.0,34.0,37.400860647062956
339,mild_negative,-0.44358,0.710113,0.463494,8454.2623,44.2184,0.1542,-0.135226,0.01,0,0.0,0.0,-11.0,0.0,21.0,10.0,32.0,37.23409879663153
340,mild_negative,-0.424286,0.69747,0.450085,8503.258,43.8691,0.1512,-0.15525,0.01,0,0.0,0.0,-8.0,0.0,20.0,12.0,28.0,37.282863480690885
341,mild_negative,-0.405928,0.640412,0.413772,8554.0317,43.5398,0.1437,-0.114958,0.01,0,0.0,0.0,-7.0,0.0,0.0,-7.0,7.0,37.344206396854474
342,mild_negative,-0.388456,0.608958,0.434015,8587.9625,43.2301,0.1362,-0.07816,0.01,0,0.0,0.0,-5.0,0.0,0.0,-5.0,5.0,37.22773253175548
343,mild_negative,-0.371823,0.603764,0.436839,8651.7773,42.9299,0.1328,-0.095343,0.01,0,0.0,0.0,-5.0,0.0,0.0,-5.0,5.0,37.23940191633038
344,mild_negative,-0.355982,0.567357,0.415605,8735.6311,42.6454,0.1268,-0.075222,0.01,0,0.0,0.0,-3.0,0.0,0.0,-3.0,3.0,37.19166454185356
345,mild_negative,-0.340893,0.545976,0.400816,8801.0731,42.3727,0.1223,-0.074594,0.01,0,0.0,0.0,-3.0,0.0,0.0,-3.0,3.0,37.22958174924031
346,mild_negative,-0.326515,0.513295,0.390364,8874.1488,42.1156,0.116,-0.051057,0.01,0,0.0,0.0,-3.0,0.0,0.0,-3.0,3.0,37.16100394428095
347,mild_negative,-0.312811,0.483053,0.335038,8904.4456,41.8678,0.1124,-0.060377,0.01,0,0.0,0.0,-2.0,0.0,0.0,-2.0,2.0,37.16731527175621
348,mild_negative,-0.299746,0.457455,0.322477,8936.6702,41.6328,0.1073,-0.047863,0.01,0,0.0,0.0,-2.0,0.0,0.0,-2.0,2.0,37.101255882926715
349,mild_negative,-0.287286,0.442271,0.301797,8978.4668,41.4062,0.104,-0.057111,0.01,0,0.0,0.0,-2.0,0.0,0.0,-2.0,2.0,37.16953965987023
350,mild_negative,-0.2754,0.403087,0.276579,9046.8342,41.1944,0.0977,-0.028426,0.01,0,0.0,0.0,-2.0,0.0,0.0,-2.0,2.0,37.110805815443435
351,mild_negative,-0.614058,0.744925,0.268365,9084.4059,40.9902,0.0946,-0.039201,0.01,0,0.0,0.0,-2.0,0.0,0.0,-2.0,2.0,37.113864856509934
352,mild_negative,-0.579571,0.733103,0.336824,9111.0604,40.7964,0.0903,-0.031337,0.01,0,0.0,0.0,-6.0,0.0,-8.0,-14.0,14.0,37.015740801560625
353,mild_negative,-0.547173,0.726157,0.369048,9071.0027,40.6074,0.0884,-0.052274,0.01,0,0.0,0.0,-5.0,0.0,-9.0,-14.0,14.0,37.09334798200351
354,mild_negative,-0.516733,0.677442,0.368964,9102.5756,40.4317,0.0826,-0.021873,0.01,0,0.0,0.0,-3.0,0.0,-13.0,-16.0,16.0,37.16010846635952
355,mild_positive,-0.188125,0.343654,0.388823,9100.6192,40.2681,0.0772,0.000147,0.01,0,0.0,0.0,-2.0,0.0,-8.0,-10.0,10.0,37.04520463583689
356,mild_positive,-0.181515,0.355754,0.389068,9189.0919,40.1069,0.0763,-0.031019,0.01,0,0.0,0.0,-2.0,0.0,0.0,-2.0,2.0,37.0935639418096
357,mild_positive,-0.175142,0.334023,0.378704,9267.2448,39.9563,0.0716,-0.012333,0.01,0,0.0,0.0,-2.0,0.0,0.0,-2.0,2.0,37.157014158699276
358,crisis,-0.968997,1.0,0.351956,9336.4045,39.8163,0.0668,0.007084,0.01,0,0.0,0.0,-2.0,0.0,-215.0,-217.0,217.0,36.80856414581036
359,crisis,-1.735556,1.0,0.405181,8868.7954,39.6659,0.072,-0.088644,0.01,0,0.0,0.0,-13.0,0.0,-1032.0,-1045.0,1045.0,35.41917596596834
360,crisis,-1.675757,1.0,0.597243,8456.4229,39.4536,0.1023,-0.427325,0.01,0,0.0,0.0,-18.0,0.0,-1495.0,-1513.0,1513.0,33.420161738063506
361,crisis,-1.618022,1.0,0.774365,7844.255,39.1519,0.1464,-0.738589,0.01,0,0.0,0.0,-21.0,0.0,-1571.0,-1592.0,1592.0,30.955329838143843
362,crisis,-1.562279,1.0,0.941184,7347.4151,38.7421,0.201,-0.909422,0.01,0,0.0,1.0,-17.0,0.0,-1364.0,-1380.0,1382.0,28.9744851481906
363,crisis,-1.50846,1.0,0.99,6908.2136,38.2537,0.2426,-0.956154,0.01,0,0.0,0.0,-18.0,0.0,-932.0,-950.0,950.0,27.528689963686794
364,crisis,-1.456498,1.0,0.99,6371.6422,37.7175,0.2701,-0.968823,0.01,0,0.0,0.0,-14.0,0.0,-530.0,-544.0,544.0,26.649466067522013
365,crisis,-1.406328,1.0,0.99,6101.658,37.1641,0.2829,-0.967143,0.01,0,0.0,0.0,-9.0,0.0,-289.0,-298.0,298.0,26.13070997283601
366,crisis,-1.357889,1.0,0.99,5669.6222,36.6124,0.2863,-0.9566,0.01,0,0.0,0.0,-3.0,0.0,-202.0,-205.0,259.0,25.52809383771343
367,mild_negative,-1.66112,1.0,0.99,5344.47,36.0582,0.292,-0.948608,0.01,0,0.0,0.0,-3.0,0.0,-118.0,-121.0,353.0,25.195503131432677
368,mild_negative,-1.592303,1.0,0.99,5591.123,35.515,0.2906,-0.928567,0.01,0,0.0,0.0,-13.0,0.0,-116.0,-129.0,353.0,24.692965613893502
369,mild_negative,-1.876642,1.0,0.99,5912.6107,34.9739,0.294,-0.917051,0.01,0,0.0,0.0,-4.0,0.0,-153.0,-157.0,371.0,24.32117730850779
370,mild_negative,-1.790314,1.0,0.99,6197.9696,34.4413,0.2938,-0.89709,0.01,0,0.0,0.0,-6.0,0.0,-84.0,-90.0,296.0,24.209463316301434
371,mild_negative,-1.708428,1.0,0.99,6468.7227,33.9297,0.2865,-0.851154,0.01,0,0.0,0.0,-3.0,0.0,-77.0,-80.0,274.0,24.07749582866351
372,mild_negative,-1.630731,1.0,0.99,6682.5504,33.4371,0.2799,-0.801286,0.01,0,0.0,0.0,-3.0,0.0,-97.0,-100.0,148.0,23.870514604092538
373,strong_positive,-0.856986,1.0,0.99,6795.3954,32.9588,0.2757,-0.76151,0.01,0,0.0,0.0,-3.0,0.0,23.0,20.0,166.0,24.090055432862055
374,strong_positive,-0.811048,1.0,0.933648,7110.0549,32.5153,0.2591,-0.629289,0.01,0,0.0,0.0,-2.0,0.0,74.0,72.0,100.0,24.542965000805037
375,strong_positive,-0.767803,1.0,0.899842,7406.6488,32.1167,0.2358,-0.403995,0.01,0,0.0,0.0,-2.0,0.0,12.0,10.0,34.0,24.49157283373917
376,strong_positive,-0.727083,1.0,0.864059,7662.2558,31.7355,0.2283,-0.357436,0.01,0,0.0,0.0,-1.0,0.0,14.0,13.0,31.0,24.670631581951323
377,strong_positive,-0.688732,1.0,0.807806,7888.799,31.3822,0.2139,-0.231143,0.01,0,0.0,0.0,-1.0,0.0,12.0,11.0,29.0,24.74916739565702
378,strong_positive,-0.652601,1.0,0.766978,8091.0842,31.0506,0.2029,-0.160385,0.01,0,0.0,0.0,-1.0,0.0,12.0,11.0,27.0,24.899677272851868
379,strong_positive,-0.618554,0.970537,0.771967,8276.6599,30.743,0.1901,-0.071992,0.01,0,0.0,0.0,-1.0,0.0,11.0,10.0,26.0,24.85481847193603
380,strong_positive,-0.586463,0.938516,0.764426,8443.789,30.4486,0.1837,-0.077138,0.01,0,0.0,0.0,0.0,0.0,12.0,12.0,20.0,24.908004435499905
381,strong_positive,-0.556207,0.873003,0.729081,8604.4129,30.1716,0.1745,-0.04194,0.01,0,0.0,0.0,0.0,0.0,15.0,15.0,15.0,24.84316449826388
382,mild_negative,-0.877673,1.0,0.688195,8751.7776,29.9052,0.1693,-0.060544,0.01,0,0.0,0.0,0.0,0.0,1.0,1.0,27.0,24.917739768070057
383,mild_positive,-0.527094,0.813436,0.686439,8745.0576,29.6558,0.1598,-0.019612,0.01,0,0.0,0.0,-1.0,0.0,4.0,3.0,19.0,25.12506988613939
384,mild_positive,-0.499915,0.763862,0.659868,8860.2387,29.4293,0.1463,0.067272,0.01,0,0.0,0.0,0.0,0.0,11.0,11.0,11.0,25.075799633522987
385,mild_positive,-0.474283,0.715189,0.602267,8966.0181,29.2116,0.1416,0.035403,0.01,0,0.0,0.0,0.0,0.0,11.0,11.0,11.0,25.269604888139686
386,mild_negative,-0.800103,1.0,0.56604,9064.2914,29.0145,0.1291,0.106285,0.01,0,0.0,0.0,0.0,0.0,-3.0,-3.0,23.0,25.320047525886526
387,mild_negative,-1.103624,1.0,0.539179,9042.4238,28.8298,0.1217,0.107095,0.01,0,0.0,0.0,0.0,0.0,-54.0,-54.0,54.0,25.35517226557112
388,mild_negative,-1.386363,1.0,0.590725,8966.3831,28.656,0.1152,0.101685,0.01,0,0.0,0.0,0.0,0.0,-215.0,-215.0,215.0,25.15313624202257
389,mild_negative,-1.299735,1.0,0.676322,8876.9677,28.4809,0.1168,0.00294,0.01,0,0.0,0.0,-1.0,0.0,-413.0,-414.0,414.0,24.648324832046406
390,mild_negative,-1.218719,1.0,0.728564,8783.5718,28.2893,0.1287,-0.19826,0.01,0,0.0,0.0,0.0,0.0,-542.0,-542.0,542.0,24.249564134559897
391,mild_negative,-1.142945,1.0,0.813176,8702.139,28.0873,0.1366,-0.31663,0.01,0,0.0,0.0,0.0,0.0,-672.0,-672.0,672.0,23.728907268139768
392,mild_negative,-1.072065,1.0,0.828827,8740.4837,27.8694,0.1486,-0.450631,0.01,0,0.0,0.0,-1.0,0.0,-696.0,-697.0,697.0,23.19125007613542
393,mild_negative,-1.005758,1.0,0.83134,8659.4939,27.6354,0.1608,-0.555931,0.01,0,0.0,0.0,0.0,0.0,-651.0,-651.0,651.0,22.67953415100273
394,mild_negative,-0.943722,1.0,0.858704,8583.511,27.3877,0.1719,-0.627652,0.01,0,0.0,0.0,0.0,0.0,-626.0,-626.0,626.0,22.08343074403112
395,mild_positive,-0.585674,1.0,0.891331,8530.3528,27.1224,0.1858,-0.701961,0.01,0,0.0,0.0,0.0,0.0,-443.0,-443.0,443.0,21.711646405666304
396,mild_positive,-0.551635,1.0,0.886227,8664.1139,26.8519,0.1914,-0.710329,0.01,0,0.0,0.0,0.0,0.0,-224.0,-224.0,224.0,21.455645883680962
397,mild_positive,-0.519706,1.0,0.823003,8783.1185,26.5821,0.1929,-0.692039,0.01,0,0.0,0.0,0.0,0.0,-187.0,-187.0,187.0,21.331050145967815
398,mild_positive,-0.489751,1.0,0.794556,8895.8339,26.3195,0.1895,-0.642734,0.01,0,0.0,0.0,0.0,0.0,-167.0,-167.0,167.0,21.234338112737582
399,mild_positive,-0.461643,1.0,0.743775,8997.5316,26.0653,0.1853,-0.588888,0.01,0,0.0,0.0,0.0,0.0,-122.0,-122.0,122.0,21.093654519960342
400,mild_positive,-0.435263,1.0,0.692599,9091.0081,25.8167,0.1829,-0.554131,0.01,0,0.0,0.0,0.0,0.0,-79.0,-79.0,79.0,21.20480005145146
401,mild_positive,-0.410501,0.936524,0.665259,9170.2504,25.5861,0.1712,-0.4332,0.01,0,0.0,0.0,0.0,0.0,-33.0,-33.0,33.0,21.184594467626717
402,mild_positive,-0.087252,0.56407,0.632508,9246.9493,25.366,0.1648,-0.373026,0.01,0,0.0,0.0,0.0,0.0,-5.0,-5.0,5.0,21.17058415706726
403,mild_positive,-0.085702,0.48707,0.526332,9317.8927,25.1563,0.1584,-0.318059,0.01,0,0.0,0.0,0.0,0.0,0.0,0.0,0.0,21.1661916805092
404,mild_positive,-0.084107,0.442827,0.496733,9383.1521,24.9568,0.1519,-0.266711,0.01,0,0.0,0.0,0.0,0.0,0.0,0.0,0.0,21.18204092866903
405,mild_positive,-0.082475,0.398684,0.469486,9442.0999,24.768,0.1448,-0.214024,0.01,0,0.0,0.0,0.0,0.0,11.0,11.0,11.0,21.167419277741
406,mild_positive,-0.080815,0.353565,0.406589,9493.8636,24.588,0.1391,-0.183524,0.01,0,0.0,0.0,0.0,0.0,11.0,11.0,11.0,21.15857345628398
407,mild_positive,-0.079132,0.321765,0.373383,9538.6616,24.4165,0.1334,-0.155467,0.01,0,0.0,0.0,0.0,0.0,10.0,10.0,10.0,21.139937971032793
408,mild_positive,-0.077432,0.298233,0.346902,9580.7835,24.2527,0.1283,-0.136733,0.01,0,0.0,0.0,0.0,0.0,10.0,10.0,10.0,21.12676521465726
409,mild_positive,-0.075722,0.274764,0.319554,9620.8517,24.0964,0.1232,-0.1187,0.01,0,0.0,0.0,0.0,0.0,9.0,9.0,9.0,21.123265421933883
410,mild_positive,-0.074007,0.245514,0.279866,9655.9934,23.9477,0.1179,-0.099269,0.01,0,0.0,0.0,0.0,0.0,0.0,0.0,0.0,21.131863960600512
411,mild_positive,-0.07229,0.216048,0.243104,9689.4168,23.8069,0.1124,-0.077527,0.01,0,0.0,0.0,0.0,0.0,0.0,0.0,0.0,21.156903665101012
412,mild_positive,-0.070577,0.19151,0.224607,9719.1532,23.6744,0.1063,-0.051818,0.01,0,0.0,0.0,0.0,0.0,0.0,0.0,0.0,21.1849990336889
413,mild_positive,-0.06887,0.179466,0.232678,9746.3895,23.55,0.1004,-0.029209,0.01,0,0.0,0.0,0.0,0.0,0.0,0.0,0.0,21.151845071864088
414,mild_positive,-0.067173,0.181701,0.226785,9768.5005,23.4301,0.0972,-0.03969,0.01,0,0.0,0.0,0.0,0.0,0.0,0.0,0.0,21.160431267987644
415,mild_positive,-0.065489,0.163912,0.203322,9789.3404,23.3166,0.0925,-0.028491,0.01,0,0.0,0.0,0.0,0.0,0.0,0.0,0.0,21.156949080225882
416,mild_positive,-0.06382,0.161259,0.206057,9809.2964,23.2086,0.0884,-0.025026,0.01,0,0.0,0.0,0.0,0.0,0.0,0.0,0.0,21.15521808838202
417,mild_positive,0.23783,0.033567,0.135809,9825.9902,23.1059,0.0844,-0.021352,0.01,0,0.0,0.0,0.0,0.0,5.0,5.0,5.0,21.143940894508617
418,mild_positive,0.219179,0.036841,0.149894,9843.0243,23.0078,0.081,-0.022874,0.01,0,0.0,0.0,0.0,0.0,86.0,86.0,86.0,21.20658483394612
419,mild_positive,0.201877,0.021566,0.107828,9857.8538,22.9178,0.0747,0.011003,0.01,0,11.0,0.0,0.0,0.0,42.0,53.0,53.0,21.233812007584095
420,mild_positive,0.18583,0.019618,0.098092,9871.4702,22.8336,0.0701,0.021937,0.01,0,19.0,0.0,0.0,0.0,36.0,55.0,55.0,21.262229731558758
421,mild_positive,0.170951,0.014952,0.074758,9883.7569,22.755,0.0656,0.031447,0.01,0,32.0,0.0,0.0,0.0,0.0,32.0,32.0,21.265063381453384
422,mild_positive,0.157157,0.010073,0.050366,9895.2506,22.6805,0.0624,0.027121,0.01,0,25.0,0.0,0.0,0.0,0.0,25.0,25.0,21.263243390428578
423,mild_positive,0.144373,0.015684,0.07842,9905.3715,22.6096,0.0595,0.021372,0.01,0,25.0,0.0,0.0,0.0,0.0,25.0,25.0,21.29417235773604
424,mild_positive,0.132527,0.013939,0.069694,9914.5783,22.5439,0.0554,0.032152,0.01,0,14.0,0.0,0.0,0.0,0.0,14.0,14.0,21.30845369960848
425,mild_positive,0.121554,0.015612,0.078058,9922.5684,22.4821,0.0522,0.033105,0.01,0,11.0,0.0,0.0,0.0,0.0,11.0,11.0,21.31400901622111
426,mild_positive,0.111392,0.015432,0.077162,9929.6622,22.4237,0.0495,0.029763,0.01,0,6.0,0.0,0.0,0.0,0.0,6.0,6.0,21.35499402462267
427,mild_positive,0.101984,0.01733,0.086651,9936.1855,22.3703,0.0454,0.043731,0.01,0,4.0,0.0,0.0,0.0,0.0,4.0,4.0,21.3577485137009
428,mild_positive,0.093276,0.017324,0.086622,9942.2551,22.3196,0.0431,0.037146,0.01,0,3.0,0.0,0.0,0.0,0.0,3.0,3.0,21.346649252291957
429,mild_positive,0.08522,0.011871,0.059355,9947.7996,22.271,0.0415,0.025219,0.01,0,1.0,0.0,0.0,0.0,0.0,1.0,1.0,21.350105531344592
430,mild_positive,0.077768,0.016334,0.081672,9952.2713,22.2249,0.0394,0.022304,0.01,0,1.0,0.0,0.0,0.0,0.0,1.0,1.0,21.33043547146593
431,mild_positive,0.070879,0.014168,0.070842,9956.3467,22.1802,0.0383,0.009007,0.01,0,1.0,0.0,0.0,0.0,0.0,1.0,1.0,21.328956105169873
432,mild_negative,-0.285489,0.301641,0.040379,9960.3848,22.1377,0.0365,0.006687,0.01,0,1.0,0.0,0.0,0.0,0.0,1.0,1.0,21.32852705423606
433,mild_negative,-0.26771,0.293952,0.065604,9932.396,22.0972,0.0348,0.00528,0.01,0,0.0,0.0,0.0,0.0,0.0,0.0,0.0,21.29035266472384
434,mild_negative,-0.251081,0.308818,0.1238,9900.3055,22.0569,0.0348,-0.013695,0.01,0,0.0,0.0,0.0,0.0,0.0,0.0,0.0,21.312597956590047
435,mild_negative,-0.235525,0.299397,0.158592,9854.1857,22.0196,0.0321,-0.000725,0.01,0,0.0,0.0,0.0,0.0,0.0,0.0,0.0,21.275532874921645
436,mild_negative,-0.220972,0.296888,0.162633,9816.0958,21.9824,0.0322,-0.018104,0.01,0,0.0,0.0,0.0,0.0,0.0,0.0,0.0,21.25755864231144
437,mild_negative,-0.207356,0.287204,0.1646,9781.8766,21.9462,0.0314,-0.023346,0.01,0,0.0,0.0,0.0,0.0,0.0,0.0,0.0,21.243123631454647
438,mild_negative,-0.194615,0.276387,0.165463,9749.8216,21.911,0.0305,-0.025978,0.01,0,0.0,0.0,0.0,0.0,0.0,0.0,0.0,21.29450833890706
439,mild_negative,-0.182691,0.267847,0.21289,9740.1008,21.8802,0.0268,0.002993,0.01,0,0.0,0.0,0.0,0.0,0.0,0.0,0.0,21.324522531579095
440,mild_negative,-0.171531,0.258777,0.218114,9739.8488,21.8524,0.0242,0.016632,0.01,0,0.0,0.0,0.0,0.0,0.0,0.0,0.0,21.369261163988178
441,mild_negative,-0.161085,0.250045,0.222401,9721.1143,21.8283,0.021,0.034731,0.01,0,0.0,0.0,0.0,0.0,0.0,0.0,0.0,21.345357279934994
442,mild_negative,-0.151305,0.246107,0.237005,9704.1943,21.8041,0.021,0.017205,0.01,0,0.0,0.0,0.0,0.0,0.0,0.0,0.0,21.33575408423165
443,mild_negative,-0.142148,0.235193,0.232611,9685.9031,21.7807,0.0204,0.009576,0.01,0,0.0,0.0,0.0,0.0,0.0,0.0,0.0,21.303046396006998
444,mild_negative,-0.133574,0.225328,0.218003,9696.0126,21.7568,0.0209,-0.007588,0.01,0,0.0,0.0,0.0,0.0,0.0,0.0,0.0,21.32043788051359
445,mild_negative,-0.125543,0.207936,0.205983,9678.5358,21.735,0.0191,0.001989,0.01,0,0.0,0.0,0.0,0.0,0.0,0.0,0.0,21.326738274038064
446,mild_negative,-0.118021,0.197004,0.197458,9667.3051,21.7146,0.0179,0.004605,0.01,0,0.0,0.0,0.0,0.0,0.0,0.0,0.0,21.33030050646763
447,mild_negative,-0.110974,0.187033,0.190147,9662.6338,21.6954,0.0168,0.005457,0.01,0,0.0,0.0,0.0,0.0,0.0,0.0,0.0,21.276841748454313
448,mild_negative,-0.104372,0.196244,0.198525,9663.598,21.6744,0.0183,-0.020769,0.01,0,0.0,0.0,0.0,0.0,0.0,0.0,0.0,21.259784733482004
449,mild_negative,-0.098185,0.189832,0.191472,9668.9349,21.6537,0.0182,-0.025097,0.01,0,0.0,0.0,0.0,0.0,0.0,0.0,0.0,21.27466009906097
450,mild_negative,-0.092387,0.179908,0.198473,9674.4718,21.6348,0.0166,-0.013555,0.01,0,0.0,0.0,0.0,0.0,0.0,0.0,0.0,21.247289402461817
451,mild_negative,-0.086951,0.176418,0.187576,9678.3608,21.6154,0.017,-0.02406,0.01,0,0.0,0.0,0.0,0.0,0.0,0.0,0.0,21.257101528848704
452,mild_negative,-0.081855,0.163295,0.180958,9674.0724,21.5975,0.0158,-0.015094,0.01,0,0.0,0.0,0.0,0.0,0.0,0.0,0.0,21.269854255535183
453,mild_negative,-0.077077,0.134199,0.133285,9684.4216,21.5811,0.0144,-0.006347,0.01,0,0.0,0.0,0.0,0.0,0.0,0.0,0.0,21.26594241771467
454,mild_negative,-0.072596,0.13706,0.150577,9684.9389,21.5653,0.0139,-0.007055,0.01,0,0.0,0.0,0.0,0.0,0.0,0.0,0.0,21.287149597002152
455,mild_negative,-0.068393,0.129764,0.15343,9692.0439,21.5514,0.0123,0.004245,0.01,0,0.0,0.0,0.0,0.0,0.0,0.0,0.0,21.339813055332478
456,mild_negative,-0.064449,0.131835,0.168465,9699.8758,21.5408,0.0093,0.028353,0.01,0,0.0,0.0,0.0,0.0,0.0,0.0,0.0,21.339074712725036
457,mild_negative,-0.060749,0.101935,0.102965,9718.1483,21.5308,0.0089,0.022895,0.01,0,0.0,0.0,0.0,0.0,0.0,0.0,0.0,21.328022797379
458,mild_negative,-0.057276,0.115921,0.146612,9728.438,21.5206,0.0089,0.013555,0.01,0,0.0,0.0,0.0,0.0,0.0,0.0,0.0,21.343973329780997
459,mild_negative,-0.054017,0.109539,0.138806,9728.0836,21.5118,0.0078,0.018639,0.01,0,0.0,0.0,0.0,0.0,0.0,0.0,0.0,21.376910837503065
460,mild_negative,-0.050956,0.113677,0.156801,9735.5661,21.505,0.006,0.030803,0.01,0,0.0,0.0,0.0,0.0,0.0,0.0,0.0,21.38171708501754
461,mild_negative,-0.048082,0.099614,0.128828,9734.1214,21.4989,0.0054,0.027514,0.01,0,0.0,0.0,0.0,0.0,0.0,0.0,0.0,21.394215895021464
462,mild_negative,-0.045383,0.10051,0.137818,9735.3041,21.4936,0.0046,0.028438,0.01,0,0.0,0.0,0.0,0.0,0.0,0.0,0.0,21.380803331777134
463,mild_negative,-0.042848,0.087594,0.111865,9750.7302,21.488,0.005,0.017001,0.01,0,0.0,0.0,0.0,0.0,0.0,0.0,0.0,21.371724776722008
464,mild_negative,-0.040465,0.079723,0.098145,9765.9988,21.4822,0.0051,0.009663,0.01,0,0.0,0.0,0.0,0.0,0.0,0.0,0.0,21.380465923063532
465,mild_negative,-0.038226,0.093026,0.137,9765.5594,21.4771,0.0045,0.012039,0.01,0,0.0,0.0,0.0,0.0,0.0,0.0,0.0,21.370457193332378
466,mild_negative,-0.386121,0.437205,0.127709,9766.9299,21.4718,0.0047,0.005158,0.01,0,0.0,0.0,0.0,0.0,0.0,0.0,0.0,21.382401381366968
467,mild_negative,-0.36048,0.425585,0.162763,9744.6394,21.4673,0.004,0.009853,0.01,0,0.0,0.0,0.0,0.0,0.0,0.0,0.0,21.362337718919203
468,mild_negative,-0.336556,0.418597,0.203048,9738.1151,21.4621,0.0046,-0.00137,0.01,0,0.0,0.0,0.0,0.0,0.0,0.0,0.0,21.363588366191742
469,mild_negative,-0.314235,0.405519,0.22741,9735.8793,21.4571,0.0044,-0.000534,0.01,0,0.0,0.0,0.0,0.0,-2.0,-2.0,2.0,21.36370376455466
470,mild_negative,-0.293407,0.389267,0.239074,9722.3266,21.4525,0.0041,-0.000383,0.01,0,0.0,0.0,0.0,0.0,-2.0,-2.0,2.0,21.34821070932107
471,mild_negative,-0.273973,0.379021,0.251197,9692.4522,21.4472,0.0046,-0.007614,0.01,0,0.0,0.0,0.0,0.0,0.0,0.0,0.0,21.34681838536736
472,mild_negative,-0.25584,0.380073,0.300233,9670.9044,21.4422,0.0044,-0.0069,0.01,0,0.0,0.0,0.0,0.0,0.0,0.0,0.0,21.272580723153354
473,mild_negative,-0.238919,0.379671,0.29088,9628.6672,21.4337,0.0075,-0.040668,0.01,0,0.0,0.0,0.0,0.0,-2.0,-2.0,2.0,21.349664839709686
474,mild_negative,-0.223129,0.337731,0.286507,9611.1739,21.4295,0.0037,0.003,0.01,0,0.0,0.0,0.0,0.0,-2.0,-2.0,2.0,21.302720567493004
475,mild_negative,-0.208394,0.339485,0.298202,9580.7397,21.4232,0.0056,-0.019684,0.01,0,0.0,0.0,0.0,0.0,0.0,0.0,0.0,21.284435336912182
476,mild_negative,-0.194643,0.332578,0.307672,9585.7778,21.4163,0.0062,-0.024777,0.01,0,0.0,0.0,0.0,0.0,0.0,0.0,0.0,21.26184753143651
477,mild_negative,-0.18181,0.326797,0.315976,9585.6926,21.4085,0.0069,-0.030994,0.01,0,0.0,0.0,0.0,0.0,0.0,0.0,0.0,21.203461084162225
478,mild_negative,-0.169834,0.325959,0.310785,9564.6403,21.3983,0.0091,-0.053019,0.01,0,0.0,0.0,0.0,0.0,0.0,0.0,0.0,21.150574939550513
479,strong_positive,0.541344,0.074464,0.269541,9583.7608,21.3859,0.011,-0.068521,0.01,0,0.0,0.0,0.0,0.0,0.0,0.0,0.0,21.12868179084261
480,strong_positive,0.5277,0.074593,0.273028,9623.9947,21.373,0.0114,-0.066624,0.01,0,0.0,0.0,0.0,0.0,0.0,0.0,0.0,21.111967604528893
481,mild_positive,0.814189,0.062866,0.220397,9660.4153,21.36,0.0116,-0.062622,0.01,0,14.0,0.0,0.0,2.0,0.0,16.0,16.0,21.117539217989442
482,mild_positive,0.780548,0.05571,0.205398,9692.2276,21.3479,0.0108,-0.048767,0.01,0,25.0,0.0,0.0,2.0,0.0,27.0,27.0,21.119988439870458
483,mild_positive,0.748444,0.046063,0.172027,9721.8662,21.3365,0.0101,-0.038859,0.01,0,44.0,0.0,0.0,2.0,0.0,46.0,46.0,21.116597152047557
484,mild_positive,0.7178,0.041719,0.158349,9749.0663,21.3255,0.0098,-0.033497,0.01,0,44.0,0.0,0.0,1.0,0.0,45.0,45.0,21.157189606781127
485,mild_positive,0.688542,0.033357,0.154526,9773.7672,21.3171,0.0075,-0.008173,0.01,0,44.0,0.0,0.0,0.0,0.0,44.0,44.0,21.19859509888454
486,mild_positive,0.660599,0.030215,0.151073,9794.9151,21.3111,0.0053,0.012974,0.01,0,32.0,0.0,0.0,0.0,0.0,32.0,32.0,21.216719240257888
487,mild_positive,0.633905,0.029917,0.149586,9814.3447,21.3064,0.0042,0.01924,0.01,0,16.0,0.0,0.0,0.0,0.0,16.0,16.0,21.229560778020762
488,mild_negative,0.258397,0.034283,0.171413,9831.501,21.3026,0.0034,0.021865,0.01,0,9.0,0.0,0.0,0.0,0.0,9.0,9.0,21.227900385569555
489,mild_negative,0.25768,0.033287,0.166437,9837.3113,21.2988,0.0033,0.017138,0.01,0,2.0,0.0,0.0,0.0,0.0,2.0,2.0,21.24540469149121
490,mild_negative,0.256435,0.029586,0.14793,9834.7335,21.2962,0.0024,0.022348,0.01,0,2.0,0.0,0.0,0.0,0.0,2.0,2.0,21.215771266103587
491,mild_negative,0.254718,0.031273,0.156365,9836.57,21.2921,0.0036,0.004271,0.01,0,0.0,0.0,0.0,0.0,0.0,0.0,0.0,21.217005922852326
492,mild_negative,0.252579,0.03359,0.16795,9837.5729,21.2884,0.0034,0.004088,0.01,0,0.0,0.0,0.0,0.0,0.0,0.0,0.0,21.20054836636765
493,mild_negative,0.250067,0.027228,0.129455,9844.522,21.284,0.0039,-0.004457,0.01,0,0.0,0.0,0.0,0.0,0.0,0.0,0.0,21.19772246125163
494,mild_negative,0.247223,0.028146,0.133235,9841.2957,21.2797,0.0039,-0.004996,0.01,0,0.0,0.0,0.0,0.0,0.0,0.0,0.0,21.172736711366635
495,mild_negative,0.244088,0.032493,0.138523,9840.4992,21.2743,0.0048,-0.015961,0.01,0,0.0,0.0,0.0,0.0,0.0,0.0,0.0,21.155022906483435
496,mild_negative,0.240698,0.031061,0.123043,9846.0284,21.2684,0.0053,-0.021506,0.01,0,0.0,0.0,0.0,0.0,0.0,0.0,0.0,21.155427676197583
497,mild_negative,0.237086,0.033905,0.143351,9841.1938,21.2627,0.005,-0.017448,0.01,0,0.0,0.0,0.0,0.0,0.0,0.0,0.0,21.137342325110364
498,mild_negative,-0.116717,0.182502,0.130097,9841.1663,21.2565,0.0056,-0.022909,0.01,0,0.0,0.0,0.0,0.0,0.0,0.0,0.0,21.17903889644351
499,mild_negative,-0.097021,0.151428,0.136016,9821.3757,21.2526,0.0035,0.001032,0.01,0,0.0,0.0,0.0,0.0,0.0,0.0,0.0,21.201961372094722
500,mild_negative,-0.079063,0.132305,0.133104,9809.6468,21.2501,0.0023,0.011734,0.01,0,0.0,0.0,0.0,0.0,0.0,0.0,0.0,21.207298631568108
