timestamp,agent_name,position,signal,order
3,retail_14,0,0.013806212427570552,1.0
3,retail_29,0,0.011454467939344438,1.0
3,retail_40,0,0.015345130143265419,1.0
4,retail_2,0,0.025533594948967113,1.0
4,retail_3,0,0.029780746246054812,2.0
4,retail_4,0,0.027611774651370477,2.0
4,retail_5,0,0.013507585869019841,1.0
4,retail_12,0,0.025429689431520925,1.0
4,retail_14,0,0.03939966715017455,2.0
4,retail_19,0,0.033145374309544985,2.0
4,retail_25,0,0.03260096606672811,3.0
4,retail_27,0,0.03597124277414684,2.0
4,retail_29,0,0.03233845095188878,1.0
4,retail_30,0,0.03242610641521482,3.0
4,retail_33,0,0.01612185338565166,1.0
4,retail_34,0,0.03391055199078549,3.0
4,retail_35,0,0.03518871708920505,2.0
4,retail_36,0,0.032700896673204784,2.0
4,retail_37,0,0.0295073692390325,2.0
4,retail_39,0,0.03362306929783211,2.0
4,retail_40,0,0.03975182841630754,3.0
4,retail_41,0,0.03586544361710477,1.0
4,retail_42,0,0.03784267174640598,2.0
4,retail_44,0,0.028338324863261148,1.0
5,retail_1,0,0.03260704346699515,2.0
5,retail_2,0,0.023539252159816282,1.0
5,retail_3,0,0.027239366319867724,2.0
5,retail_4,0,0.025332550523748058,2.0
5,retail_5,0,0.03131724971148565,2.0
5,retail_7,0,0.02283658906445629,2.0
5,retail_8,0,0.031655709668555784,1.0
5,retail_9,0,0.03651866270273227,3.0
5,retail_10,0,0.03398708765470454,2.0
5,retail_12,0,0.023170716812142653,1.0
5,retail_14,0,0.035541154717132095,2.0
5,retail_16,0,0.015185005334916672,1.0
5,retail_18,0,0.03006157271875717,2.0
5,retail_19,0,0.03013227169243886,2.0
5,retail_21,0,0.034461696031287514,1.0
5,retail_23,0,0.035083539669733155,4.0
5,retail_24,0,0.014977941193136843,1.0
5,retail_25,0,0.029548538080380223,2.0
5,retail_26,0,0.03214764810846363,3.0
5,retail_27,0,0.03252078639537013,2.0
5,retail_28,0,0.030182809756032523,3.0
5,retail_29,0,0.029150051693780203,1.0
5,retail_30,0,0.02934467251781213,3.0
5,retail_33,0,0.0362143354978329,2.0
5,retail_34,0,0.03073616724804434,3.0
5,retail_35,0,0.032165116260215676,2.0
5,retail_36,0,0.02951426332746255,1.0
5,retail_37,0,0.026944871217038313,1.0
5,retail_38,0,0.028161288452603624,2.0
5,retail_39,0,0.030557569378627737,2.0
5,retail_40,0,0.036064612294108914,3.0
5,retail_41,0,0.03254159877834059,1.0
5,retail_42,0,0.034379022064711245,2.0
5,retail_44,0,0.026093110957429055,1.0
5,retail_45,0,0.027867962801417574,1.0
5,retail_46,0,0.030103448500792107,1.0
5,retail_47,0,0.013305007492583237,1.0
5,retail_48,0,0.014039294325490144,1.0
5,retail_49,0,0.03861907132686952,3.0
6,retail_0,0,0.040720627899353455,1.0
6,retail_1,0,0.029778921488376655,1.0
6,retail_2,0,0.022744094905181138,1.0
6,retail_3,0,0.026219580539584262,2.0
6,retail_5,0,0.028590521435653344,2.0
6,retail_6,0,0.028373427297907566,1.0
6,retail_7,0,0.020742281177153772,1.0
6,retail_8,0,0.028802530360737842,1.0
6,retail_9,0,0.033237363429592666,3.0
6,retail_10,0,0.030698596625170264,1.0
6,retail_11,0,0.03380371769235167,2.0
6,retail_12,0,0.022262720016780747,1.0
6,retail_13,0,0.0369730663106497,3.0
6,retail_14,0,0.03398839413452404,2.0
6,retail_15,0,0.03289789800310812,1.0
6,retail_16,0,0.03401292575344014,2.0
6,retail_17,0,0.031326058086133264,2.0
6,retail_18,0,0.027287672060314398,2.0
6,retail_19,0,0.02891331201697581,2.0
6,retail_20,0,0.02851514505020375,1.0
6,retail_21,0,0.031285205989954955,1.0
6,retail_22,0,0.04076513315354202,5.0
6,retail_23,0,0.03155494608670278,3.0
6,retail_24,0,0.03044393434362648,2.0
6,retail_25,0,0.02833022903646733,2.0
6,retail_26,0,0.02900675853468302,2.0
6,retail_27,0,0.03113899412871236,2.0
6,retail_28,0,0.027213215510177212,2.0
6,retail_29,0,0.02786900322645127,1.0
6,retail_30,0,0.028104861710356043,3.0
6,retail_31,0,0.028875055833383602,1.0
6,retail_32,0,0.031828297850909376,3.0
6,retail_33,0,0.033150438341158404,2.0
6,retail_34,0,0.029453048562565053,3.0
6,retail_35,0,0.030948553741900475,2.0
6,retail_36,0,0.028234148034468692,1.0
6,retail_37,0,0.025922622757414616,1.0
6,retail_38,0,0.025807144942934044,2.0
6,retail_39,0,0.029327506737211025,2.0
6,retail_40,0,0.03458072306654951,2.0
6,retail_41,0,0.031194038727501233,1.0
6,retail_42,0,0.03298558753874609,2.0
6,retail_43,0,0.030595546027263876,2.0
6,retail_44,0,0.025204688910325165,1.0
6,retail_45,0,0.025317801449235698,1.0
6,retail_46,0,0.027447806573240294,1.0
6,retail_47,0,0.030751499011123378,2.0
6,retail_48,0,0.03740920044969493,3.0
6,retail_49,0,0.034719622528101526,2.0
7,retail_0,0,0.036816755540241226,1.0
7,retail_1,0,0.02863992625230495,1.0
7,retail_3,0,0.018612152357787994,1.0
7,retail_5,0,0.027496100253412047,2.0
7,retail_6,0,0.025941115072613277,1.0
7,retail_7,0,0.01989922919424387,1.0
7,retail_8,0,0.027661516424679462,1.0
7,retail_9,0,0.031915036969150615,2.0
7,retail_10,0,0.029373159718814927,1.0
7,retail_11,0,0.03062104251117003,2.0
7,retail_12,0,0.015509355616049854,1.0
7,retail_13,0,0.03364664257394556,3.0
7,retail_14,0,0.022452886946926466,1.0
7,retail_15,0,0.029848934415583263,1.0
7,retail_16,0,0.031146782038793706,2.0
7,retail_17,0,0.028576034022200297,2.0
7,retail_18,0,0.02617408655297494,2.0
7,retail_19,0,0.01993266136016138,1.0
7,retail_20,0,0.025992035562891883,1.0
7,retail_21,0,0.030007927630625753,1.0
7,retail_22,0,0.03670382612702791,4.0
7,retail_23,0,0.03013176884533161,3.0
7,retail_24,0,0.028040336314858347,2.0
7,retail_25,0,0.01916784533493463,1.0
7,retail_26,0,0.02773639953942804,2.0
7,retail_27,0,0.02079837982377253,1.0
7,retail_28,0,0.026019070710248865,2.0
7,retail_29,0,0.018331931222594522,1.0
7,retail_30,0,0.018894665313336705,2.0
7,retail_31,0,0.026472036027939783,1.0
7,retail_32,0,0.02916676723116048,3.0
7,retail_33,0,0.03192045399005447,2.0
7,retail_35,0,0.021913195066996037,1.0
7,retail_37,0,0.018228543869793428,1.0
7,retail_38,0,0.02486155966246402,2.0
7,retail_40,0,0.023558363865059585,2.0
7,retail_41,0,0.021300237068219877,1.0
7,retail_43,0,0.027850652051502247,2.0
7,retail_44,0,0.018436718052718872,1.0
7,retail_45,0,0.02429837536631934,1.0
7,retail_46,0,0.026374343254029944,1.0
7,retail_47,0,0.028064029047826698,2.0
7,retail_48,0,0.03389818208277371,2.0
7,retail_49,0,0.03314250740843603,2.0
8,retail_0,0,0.035242887704785716,1.0
8,retail_5,0,0.01933575687880927,1.0
8,retail_6,0,0.024961674093038674,1.0
8,retail_8,0,0.019105139697959215,1.0
8,retail_9,0,0.02211307360200572,2.0
8,retail_10,0,0.0195534642029886,1.0
8,retail_11,0,0.029341804340055882,2.0
8,retail_13,0,0.03231357808828809,2.0
8,retail_15,0,0.02862920869032826,1.0
8,retail_16,0,0.02999476255869531,2.0
8,retail_17,0,0.027467759341991433,2.0
8,retail_18,0,0.017873272769106396,1.0
8,retail_20,0,0.024973450627620603,1.0
8,retail_21,0,0.0205100414709059,1.0
8,retail_22,0,0.035054208021804555,4.0
8,retail_24,0,0.027079588608249595,2.0
8,retail_28,0,0.01714073575934216,1.0
8,retail_29,0,0.012888618123910407,1.0
8,retail_31,0,0.025504340970631076,1.0
8,retail_32,0,0.028091630706032048,3.0
8,retail_33,0,0.02275086848430777,1.0
8,retail_35,0,0.017203424853054646,1.0
8,retail_37,0,0.01653876672636114,1.0
8,retail_38,0,0.017820166411209686,1.0
8,retail_40,0,0.014705824831476847,1.0
8,retail_43,0,0.026751166653320363,2.0
8,retail_44,0,0.020970122823352984,1.0
8,retail_47,0,0.026986032319061024,2.0
8,retail_48,0,0.03248059842311462,2.0
8,institutional_3,0,0.10683605800441069,365.0
9,retail_0,0,0.023584647354393223,1.0
9,retail_5,0,0.015277093966300616,1.0
9,retail_6,0,0.01769649982024021,1.0
9,retail_8,0,0.015799150584812145,1.0
9,retail_11,0,0.019824474287197386,1.0
9,retail_13,0,0.02234908798557806,2.0
9,retail_16,0,0.02142275229946276,1.0
9,retail_17,0,0.019255953523827873,1.0
9,retail_20,0,0.017445813299154796,1.0
9,retail_22,0,0.02297324555778893,2.0
9,retail_24,0,0.01987237291382692,1.0
9,retail_28,0,0.011834221246295544,1.0
9,retail_32,0,0.02015451916696193,2.0
9,retail_33,0,0.01745779154578081,1.0
9,retail_44,0,0.01909090751521857,1.0
9,retail_47,0,0.01894186526883602,1.0
9,retail_48,0,0.022003164263210227,1.0
9,institutional_1,0,0.13071404345123863,616.0
9,institutional_2,0,0.14973141814838026,654.0
9,institutional_3,0,0.14744906190900756,448.0
9,institutional_4,0,0.14902196531806422,484.0
10,retail_2,0,0.14228246263246466,4.0
10,retail_3,0,0.1263871114383737,9.0
10,retail_4,0,0.1525761594692383,12.0
10,retail_12,0,0.14480445467903694,6.0
10,retail_13,0,0.017442265012974877,1.0
10,retail_14,0,0.18458264324663012,10.0
10,retail_16,0,0.015991830061936125,1.0
10,retail_19,0,0.15215373731355442,9.0
10,retail_24,0,0.018876460584311486,1.0
10,retail_25,0,0.13163211358784557,9.0
10,retail_27,0,0.13396654113483444,6.0
10,retail_29,0,0.11957896124276858,5.0
10,retail_30,0,0.1572257604193521,14.0
10,retail_34,0,0.1259884499843888,11.0
10,retail_35,0,0.1539825666625115,7.0
10,retail_36,0,0.12874518593247322,5.0
10,retail_37,0,0.16571832860681282,8.0
10,retail_39,0,0.13001283158731006,8.0
10,retail_40,0,0.16331991383418507,10.0
10,retail_41,0,0.15734367477386055,5.0
10,retail_42,0,0.17823081425318152,8.0
10,retail_44,0,0.11603279630713616,3.0
10,retail_47,0,0.015961996276557765,1.0
10,retail_48,0,0.011804050306476651,1.0
10,institutional_0,0,0.22445016556081274,570.0
10,institutional_1,0,0.20995858110163582,847.0
10,institutional_2,0,0.2743498195020703,802.0
10,institutional_3,0,0.2539669582417537,517.0
10,institutional_4,0,0.2667186361763755,563.0
11,retail_1,0,0.188378354330831,8.0
11,retail_2,0,0.16515314047962704,3.0
11,retail_3,0,0.15005092714663837,9.0
11,retail_4,0,0.18544265759283762,12.0
11,retail_5,0,0.12419079277403339,7.0
11,retail_7,0,0.15145379844645307,9.0
11,retail_8,0,0.15719062293608563,5.0
11,retail_9,0,0.13707753597015412,9.0
11,retail_10,0,0.13872774435047733,6.0
11,retail_12,0,0.16597085198068032,5.0
11,retail_14,0,0.2111229530732707,9.0
11,retail_18,0,0.1732275822549506,10.0
11,retail_19,0,0.1685441542139449,9.0
11,retail_21,0,0.19542731014246134,6.0
11,retail_23,0,0.14536434238981571,12.0
11,retail_24,0,0.01561201610927871,1.0
11,retail_25,0,0.16959027779612534,9.0
11,retail_26,0,0.14410461735623867,9.0
11,retail_27,0,0.16996811748344226,6.0
11,retail_28,0,0.179321412726189,13.0
11,retail_29,0,0.15085087207575704,5.0
11,retail_30,0,0.18284878872677507,13.0
11,retail_33,0,0.17352306027469763,8.0
11,retail_34,0,0.14726954110240043,10.0
11,retail_35,0,0.18230021778038427,7.0
11,retail_36,0,0.15883117902570648,5.0
11,retail_37,0,0.19415896026889537,8.0
11,retail_38,0,0.17172293182131906,11.0
11,retail_39,0,0.15919606892984317,8.0
11,retail_40,0,0.1908657505550286,10.0
11,retail_41,0,0.17537198933272288,4.0
11,retail_42,0,0.20515433812570355,8.0
11,retail_44,0,0.1544554003754849,4.0
11,retail_45,0,0.15489083148200544,6.0
11,retail_46,0,0.1531341621750659,4.0
11,retail_47,0,0.011697746634229268,1.0
11,retail_49,0,0.1319158590705804,8.0
11,institutional_0,0,0.2687614809402941,530.0
11,institutional_1,0,0.24649213650987287,778.0
11,institutional_2,0,0.3410774416674577,747.0
11,institutional_3,0,0.30875738649079604,481.0
11,institutional_4,0,0.3285246048433482,524.0
12,retail_0,0,0.14496924742561337,4.0
12,retail_1,0,0.20886414961912864,7.0
12,retail_2,0,0.2321427510371135,4.0
12,retail_3,0,0.20593613025652324,11.0
12,retail_4,0,0.28483110774006193,15.0
12,retail_5,0,0.15139247343156362,8.0
12,retail_6,0,0.19416976941693612,5.0
12,retail_7,0,0.16801682337388235,8.0
12,retail_8,0,0.18657461936853587,5.0
12,retail_9,0,0.160033099066811,9.0
12,retail_10,0,0.1657608367385823,5.0
12,retail_11,0,0.13091585314206267,6.0
12,retail_12,0,0.22144568649882643,6.0
12,retail_13,0,0.15270155607782082,9.0
12,retail_14,0,0.2621460086169356,9.0
12,retail_15,0,0.1544969355417893,5.0
12,retail_16,0,0.16050093286108416,7.0
12,retail_17,0,0.1712438508119314,9.0
12,retail_18,0,0.19702608696181337,9.0
12,retail_19,0,0.19276915074533627,8.0
12,retail_20,0,0.1363506492056557,4.0
12,retail_21,0,0.2197485381800655,6.0
12,retail_22,0,0.1379166420161843,11.0
12,retail_23,0,0.17214474131863067,12.0
12,retail_24,0,0.13492353217302214,7.0
12,retail_25,0,0.2684125970000429,12.0
12,retail_26,0,0.16092476254025057,8.0
12,retail_27,0,0.2542633371805005,8.0
12,retail_28,0,0.20314648156149961,13.0
12,retail_29,0,0.22023624333123562,7.0
12,retail_30,0,0.24048111539849096,14.0
12,retail_31,0,0.19503707116529415,8.0
12,retail_32,0,0.1680382357931978,12.0
12,retail_33,0,0.19986383376037326,8.0
12,retail_34,0,0.1812542021127838,11.0
12,retail_35,0,0.24920333158810254,8.0
12,retail_36,0,0.22570354335001194,6.0
12,retail_37,0,0.27446617949629604,9.0
12,retail_38,0,0.19186158234414677,10.0
12,retail_39,0,0.22538685710015166,9.0
12,retail_40,0,0.24457036180346356,11.0
12,retail_41,0,0.19952410151681746,4.0
12,retail_42,0,0.26349889760490663,8.0
12,retail_43,0,0.13431142282917993,6.0
12,retail_44,0,0.26791445658074536,6.0
12,retail_45,0,0.18479617869772275,7.0
12,retail_46,0,0.17202370885843507,4.0
12,retail_47,0,0.10803790519459971,5.0
12,retail_48,0,0.14307747448033675,8.0
12,retail_49,0,0.156503014207365,8.0
12,institutional_0,0,0.2530582000682214,449.0
12,institutional_1,0,0.2284328497053003,550.0
12,institutional_2,0,0.33161495058328216,699.0
12,institutional_3,0,0.2935207823845005,392.0
12,institutional_4,0,0.3162537459638587,491.0
13,retail_0,0,0.1740122832861958,4.0
13,retail_1,0,0.25804442587844806,7.0
13,retail_2,0,0.26600595913793373,4.0
13,retail_3,0,0.23177805650397762,10.0
13,retail_4,0,0.3372991011571666,14.0
13,retail_5,0,0.21571540331233927,9.0
13,retail_6,0,0.21154348907484485,5.0
13,retail_7,0,0.21161961241093866,9.0
13,retail_8,0,0.26293871136417774,6.0
13,retail_9,0,0.20038635601409344,10.0
13,retail_10,0,0.2207556634530933,6.0
13,retail_11,0,0.16197448942343975,7.0
13,retail_12,0,0.24267205468098293,5.0
13,retail_13,0,0.1859871698728329,9.0
13,retail_14,0,0.2838579864795256,7.0
13,retail_15,0,0.18500506474637698,5.0
13,retail_16,0,0.18387725743416702,7.0
13,retail_17,0,0.1912431386304399,9.0
13,retail_18,0,0.25732164928976553,9.0
13,retail_19,0,0.19480324229146329,6.0
13,retail_20,0,0.15355907313515554,4.0
13,retail_21,0,0.2776344651386501,6.0
13,retail_22,0,0.1534924462425914,11.0
13,retail_23,0,0.2228549477513991,13.0
13,retail_24,0,0.16463353339594144,7.0
13,retail_25,0,0.3201763608993349,10.0
13,retail_26,0,0.18326643754971886,8.0
13,retail_27,0,0.2975319257429892,7.0
13,retail_28,0,0.2607808927584912,13.0
13,retail_29,0,0.2512673387654981,6.0
13,retail_30,0,0.26325661960973895,11.0
13,retail_31,0,0.21182396727246888,7.0
13,retail_32,0,0.18524951460914083,11.0
13,retail_33,0,0.26309898916824154,8.0
13,retail_34,0,0.18904218186609445,9.0
13,retail_35,0,0.2749864323297043,8.0
13,retail_36,0,0.2559194006261736,6.0
13,retail_37,0,0.31580370933224217,9.0
13,retail_38,0,0.24647144602121684,11.0
13,retail_39,0,0.25699986632922445,8.0
13,retail_40,0,0.26739737798445246,9.0
13,retail_41,0,0.19695635588882698,4.0
13,retail_42,0,0.2872699643976556,7.0
13,retail_43,0,0.16431133869439124,7.0
13,retail_44,0,0.3301519458877945,6.0
13,retail_45,0,0.2682792911063149,8.0
13,retail_46,0,0.21206155368223767,4.0
13,retail_47,0,0.13861676670188097,6.0
13,retail_48,0,0.16500865455683222,8.0
13,retail_49,0,0.18926127067344906,9.0
13,institutional_0,0,0.22968554862742613,310.0
13,institutional_1,0,0.2036054145956499,382.0
13,institutional_2,0,0.3096744693894421,459.0
13,institutional_3,0,0.2687933956130296,246.0
13,institutional_4,0,0.29270124160183475,317.0
14,retail_0,0,0.22522270908240766,5.0
14,retail_1,0,0.2744982672512923,5.0
14,retail_2,0,0.25351476870405043,3.0
14,retail_3,0,0.2136389720989641,8.0
14,retail_4,0,0.3260984502283275,10.0
14,retail_5,0,0.24486531192466882,9.0
14,retail_6,0,0.2584653786536332,5.0
14,retail_7,0,0.2262162501750508,8.0
14,retail_8,0,0.3015423277070244,6.0
14,retail_9,0,0.2159617817937156,9.0
14,retail_10,0,0.2405665711353338,5.0
14,retail_11,0,0.2322833657113691,8.0
14,retail_12,0,0.21925743352203875,4.0
14,retail_13,0,0.26573138020524184,12.0
14,retail_14,0,0.25609605082167486,5.0
14,retail_15,0,0.26127691790660645,6.0
14,retail_16,0,0.23797133160430456,8.0
14,retail_17,0,0.23718481061784852,9.0
14,retail_18,0,0.2831004075905906,8.0
14,retail_19,0,0.16319218081151834,4.0
14,retail_20,0,0.1878216472426308,4.0
14,retail_21,0,0.3005533515247835,5.0
14,retail_22,0,0.15116607209621297,9.0
14,retail_23,0,0.24006798108179592,11.0
14,retail_24,0,0.2460064369184061,10.0
14,retail_25,0,0.3050392950880934,7.0
14,retail_26,0,0.18536701098110278,7.0
14,retail_27,0,0.27897405598088404,5.0
14,retail_28,0,0.28329835167097883,12.0
14,retail_29,0,0.2276459119431225,5.0
14,retail_30,0,0.23634476675718918,8.0
14,retail_31,0,0.25726600492970125,7.0
14,retail_32,0,0.2218060673129948,12.0
14,retail_33,0,0.2913256145882619,7.0
14,retail_34,0,0.15816716392585528,6.0
14,retail_35,0,0.2459742073615287,6.0
14,retail_36,0,0.23282974340561102,4.0
14,retail_37,0,0.30110804140979985,7.0
14,retail_38,0,0.2678308185928521,10.0
14,retail_39,0,0.23698461176566496,6.0
14,retail_40,0,0.2404760634635964,7.0
14,retail_41,0,0.15728199405525528,3.0
14,retail_42,0,0.259112933546245,5.0
14,retail_43,0,0.2404120340350584,9.0
14,retail_44,0,0.32339113305368783,5.0
14,retail_45,0,0.30772017795424234,8.0
14,retail_46,0,0.22049391132469748,4.0
14,retail_47,0,0.2127804136409229,8.0
14,retail_48,0,0.19809121893661238,8.0
14,retail_49,0,0.1953172493187492,8.0
14,institutional_0,0,0.22859422769865168,251.0
14,institutional_1,0,0.20180005499123865,317.0
14,institutional_2,0,0.3058307552433327,340.0
14,institutional_3,0,0.26767837387960763,182.0
14,institutional_4,0,0.289960750383065,236.0
15,retail_0,0,0.2443902882043347,5.0
15,retail_1,0,0.24546967108443676,4.0
15,retail_2,0,0.2349153501903687,3.0
15,retail_3,0,0.19174133286846246,7.0
15,retail_4,0,0.3050612320445882,7.0
15,retail_5,0,0.22442978799290514,7.0
15,retail_6,0,0.27309658689420974,5.0
15,retail_7,0,0.20268123356583725,6.0
15,retail_8,0,0.28459145693433546,5.0
15,retail_9,0,0.19085172839977416,7.0
15,retail_10,0,0.21068923155687153,4.0
15,retail_11,0,0.26246957427829065,9.0
15,retail_12,0,0.19197013987125727,3.0
15,retail_13,0,0.3047125441627701,11.0
15,retail_14,0,0.22671989871686182,4.0
15,retail_15,0,0.30067220718768123,6.0
15,retail_16,0,0.26067818936414083,7.0
15,retail_17,0,0.2519188103470038,9.0
15,retail_18,0,0.25971214629944944,6.0
15,retail_19,0,0.1327002475974412,3.0
15,retail_20,0,0.19694174470099696,4.0
15,retail_21,0,0.27257349494078054,4.0
15,retail_22,0,0.13513364556684174,7.0
15,retail_23,0,0.20834813111912953,8.0
15,retail_24,0,0.2847667082857815,10.0
15,retail_25,0,0.2813293963986374,5.0
15,retail_26,0,0.15471970336478513,5.0
15,retail_27,0,0.25419804702934534,4.0
15,retail_28,0,0.2561485181085216,9.0
15,retail_29,0,0.19967626718363918,4.0
15,retail_30,0,0.20630874220601286,6.0
15,retail_31,0,0.27126136480857754,6.0
15,retail_32,0,0.22968127191635918,11.0
15,retail_33,0,0.2679536540461431,5.0
15,retail_34,0,0.1275493532185591,5.0
15,retail_35,0,0.21281731830606482,4.0
15,retail_36,0,0.20560320529585174,3.0
15,retail_37,0,0.27927894995109376,5.0
15,retail_38,0,0.24435504548489187,8.0
15,retail_39,0,0.21261927417752563,5.0
15,retail_40,0,0.21154222961716496,5.0
15,retail_41,0,0.11947941251587346,2.0
15,retail_42,0,0.22810433084864148,4.0
15,retail_43,0,0.2763715219395275,9.0
15,retail_44,0,0.305079855336859,4.0
15,retail_45,0,0.28822465308053574,6.0
15,retail_46,0,0.18813017066389764,3.0
15,retail_47,0,0.24652617813143513,8.0
15,retail_48,0,0.2075358646498628,8.0
15,retail_49,0,0.15929507449936103,6.0
15,institutional_0,0,0.19418702334988747,181.0
15,institutional_1,0,0.1730752999308071,236.0
15,institutional_2,0,0.26119845601562997,227.0
15,institutional_3,0,0.22720180067156764,119.0
15,institutional_4,0,0.24712314066265872,157.0
16,retail_0,0,0.21335009452938844,4.0
16,retail_1,0,0.21397299637504974,3.0
16,retail_2,0,0.23120045124400326,2.0
16,retail_3,0,0.19137610687832757,6.0
16,retail_4,0,0.2999199429751909,6.0
16,retail_5,0,0.1995634602519801,6.0
16,retail_6,0,0.2448917760185454,4.0
16,retail_7,0,0.1764739327950186,4.0
16,retail_8,0,0.26147952233966937,3.0
16,retail_9,0,0.16497281463842267,6.0
16,retail_10,0,0.17851885692613795,3.0
16,retail_11,0,0.23683005049856723,7.0
16,retail_12,0,0.1894577791615663,2.0
16,retail_13,0,0.2836785874689864,9.0
16,retail_14,0,0.22828756831221508,3.0
16,retail_15,0,0.2840227539312438,4.0
16,retail_16,0,0.23727864239930826,6.0
16,retail_17,0,0.22346172098532469,7.0
16,retail_18,0,0.23224228264011548,5.0
16,retail_19,0,0.13438468160082123,3.0
16,retail_20,0,0.17068385096389593,3.0
16,retail_21,0,0.2413479129820733,3.0
16,retail_22,0,0.09242491570422923,5.0
16,retail_23,0,0.1751625472471793,6.0
16,retail_24,0,0.26694872845529893,8.0
16,retail_25,0,0.279960188557208,4.0
16,retail_26,0,0.12554707402662577,4.0
16,retail_27,0,0.25498557517362624,4.0
16,retail_28,0,0.22560403386350414,7.0
16,retail_29,0,0.2009541952524176,4.0
16,retail_30,0,0.20599369956971003,5.0
16,retail_31,0,0.2433692589963208,5.0
16,retail_32,0,0.19881087967910754,8.0
16,retail_33,0,0.24048729130897584,4.0
16,retail_34,0,0.13053680486655544,4.0
16,retail_35,0,0.21201137353273702,4.0
16,retail_36,0,0.2065954985805213,3.0
16,retail_37,0,0.2755778312137387,5.0
16,retail_38,0,0.2170472153291026,6.0
16,retail_39,0,0.2133047999236486,4.0
16,retail_40,0,0.21349592614092602,5.0
16,retail_41,0,0.1218886907736582,2.0
16,retail_42,0,0.22817798046915,4.0
16,retail_43,0,0.25675504660592297,7.0
16,retail_44,0,0.30094179626681017,3.0
16,retail_45,0,0.26152419963225315,5.0
16,retail_46,0,0.15462438060014272,2.0
16,retail_47,0,0.2259081870844856,6.0
16,retail_48,0,0.17779301720450325,6.0
16,retail_49,0,0.12470282690994831,4.0
16,institutional_2,0,0.15817784938349164,113.0
16,institutional_3,0,0.13196729165596663,56.0
16,institutional_4,0,0.14703099763776786,77.0
17,retail_0,0,0.18117878420385156,3.0
17,retail_1,0,0.21174482762323615,3.0
17,retail_2,0,0.19993898720588799,2.0
17,retail_3,0,0.16312145918829113,5.0
17,retail_4,0,0.25873790637652344,4.0
17,retail_5,0,0.19942972305402393,5.0
17,retail_6,0,0.2139655043395884,3.0
17,retail_7,0,0.17367874482022969,4.0
17,retail_8,0,0.2594535155788559,3.0
17,retail_9,0,0.1676125490917812,6.0
17,retail_10,0,0.17998578653307767,3.0
17,retail_11,0,0.20676709977187543,5.0
17,retail_12,0,0.16435462045534244,2.0
17,retail_13,0,0.2568579056326666,7.0
17,retail_14,0,0.19227442804991024,2.0
17,retail_15,0,0.2614375981831466,3.0
17,retail_16,0,0.21075453870871516,5.0
17,retail_17,0,0.19292263767042633,5.0
17,retail_18,0,0.2299138128274312,4.0
17,retail_19,0,0.1143855255141408,2.0
17,retail_20,0,0.14361373285232343,3.0
17,retail_21,0,0.23948385891430948,2.0
17,retail_22,0,0.05587240304433585,3.0
17,retail_23,0,0.1773530157238225,6.0
17,retail_24,0,0.24209074450269308,6.0
17,retail_25,0,0.23757757303689797,3.0
17,retail_26,0,0.12813574337254152,3.0
17,retail_27,0,0.2144787407390008,2.0
17,retail_28,0,0.2236952475102957,6.0
17,retail_29,0,0.16910114180633445,3.0
17,retail_30,0,0.17580075678150137,4.0
17,retail_31,0,0.21288380697971496,3.0
17,retail_32,0,0.16705207102746944,6.0
17,retail_33,0,0.239218181865002,3.0
17,retail_34,0,0.10936158114810776,3.0
17,retail_35,0,0.18213318472312984,3.0
17,retail_36,0,0.17418119313865932,2.0
17,retail_37,0,0.23698987734059784,4.0
17,retail_38,0,0.21367773181264865,6.0
17,retail_39,0,0.1801800705170825,3.0
17,retail_40,0,0.17965723942645895,4.0
17,retail_41,0,0.10387434080894668,1.0
17,retail_42,0,0.19432166519961774,3.0
17,retail_43,0,0.2311907703718784,5.0
17,retail_44,0,0.25803113876201755,2.0
17,retail_45,0,0.2579546312205584,4.0
17,retail_46,0,0.15397012964993284,2.0
17,retail_47,0,0.1997512291995669,5.0
17,retail_48,0,0.14861148193349707,5.0
17,retail_49,0,0.12995426446132566,4.0
18,retail_0,0,0.18487610940639188,3.0
18,retail_1,0,0.1835784806892174,2.0
18,retail_2,0,0.13251155549061763,1.0
18,retail_3,0,0.09939498304507632,3.0
18,retail_4,0,0.16859851517821048,2.0
18,retail_5,0,0.16974612260206273,4.0
18,retail_6,0,0.21010016773685236,3.0
18,retail_7,0,0.1513930751625968,3.0
18,retail_8,0,0.22166005128612679,2.0
18,retail_9,0,0.1404241403362812,4.0
18,retail_10,0,0.15217407620863094,2.0
18,retail_11,0,0.2074321285941826,5.0
18,retail_12,0,0.103081037138809,1.0
18,retail_13,0,0.2565749398158197,6.0
18,retail_14,0,0.11513791425029271,1.0
18,retail_15,0,0.2602577712855105,3.0
18,retail_16,0,0.20994135778593861,4.0
18,retail_17,0,0.19144689530066342,5.0
18,retail_18,0,0.19792157331203342,3.0
18,retail_19,0,0.06498296673699752,1.0
18,retail_20,0,0.14376903949265132,2.0
18,retail_21,0,0.20596609790984594,2.0
18,retail_22,0,0.06344683626990116,3.0
18,retail_23,0,0.14913235397578878,4.0
18,retail_24,0,0.23934208564399856,6.0
18,retail_25,0,0.14278210240940303,1.0
18,retail_26,0,0.10762794688036469,3.0
18,retail_27,0,0.12467935557458949,1.0
18,retail_28,0,0.1923432470795876,5.0
18,retail_29,0,0.09285578261976843,1.0
18,retail_30,0,0.10482984566413397,2.0
18,retail_31,0,0.2090010240993568,3.0
18,retail_32,0,0.16599520934350404,6.0
18,retail_33,0,0.20498475029554192,3.0
18,retail_34,0,0.05489440415833558,2.0
18,retail_35,0,0.10750279175900543,2.0
18,retail_36,0,0.09847246196027765,1.0
18,retail_37,0,0.15459396602202347,2.0
18,retail_38,0,0.18595233820495116,5.0
18,retail_39,0,0.10539321441440522,1.0
18,retail_40,0,0.10457359638518693,2.0
18,retail_41,0,0.05289078977344776,1.0
18,retail_42,0,0.1177347328352872,2.0
18,retail_43,0,0.22987266713976168,4.0
18,retail_44,0,0.16249388354997102,1.0
18,retail_45,0,0.222323967594369,3.0
18,retail_46,0,0.13361283924983736,2.0
18,retail_47,0,0.19967400674760935,4.0
18,retail_48,0,0.15208667142147536,5.0
18,retail_49,0,0.10637112517979924,3.0
19,retail_0,0,0.15389919141262928,2.0
19,retail_1,0,0.1178692475613644,1.0
19,retail_4,0,0.05549653819617632,1.0
19,retail_5,0,0.10007691255287687,2.0
19,retail_6,0,0.18399831952194315,2.0
19,retail_7,0,0.09789117172428394,2.0
19,retail_8,0,0.13992568239698955,1.0
19,retail_9,0,0.07900791065450868,2.0
19,retail_10,0,0.08303058479555367,1.0
19,retail_11,0,0.17570645107634186,4.0
19,retail_13,0,0.21772188850042193,4.0
19,retail_15,0,0.22119429145912145,2.0
19,retail_16,0,0.17993954916759786,3.0
19,retail_17,0,0.16556558825096923,4.0
19,retail_18,0,0.12620390608801324,2.0
19,retail_20,0,0.12344830143521018,2.0
19,retail_21,0,0.13080654884277335,1.0
19,retail_22,0,0.04893359212940221,2.0
19,retail_23,0,0.07981811150127235,2.0
19,retail_24,0,0.20625338378734634,4.0
19,retail_26,0,0.05834905923457611,1.0
19,retail_28,0,0.12041686316140618,3.0
19,retail_31,0,0.1832013901743752,2.0
19,retail_32,0,0.14428896019355197,4.0
19,retail_33,0,0.1290026776510994,1.0
19,retail_37,0,0.051802329981678795,1.0
19,retail_38,0,0.12197753710680775,3.0
19,retail_43,0,0.19633861153884885,3.0
19,retail_45,0,0.14021625160781148,2.0
19,retail_46,0,0.07876779881791954,1.0
19,retail_47,0,0.16981962376495666,3.0
19,retail_48,0,0.12675041452201177,4.0
19,retail_49,0,0.04596838712287135,1.0
20,retail_0,0,0.08066642199861027,1.0
20,retail_6,0,0.12271575360136293,1.0
20,retail_11,0,0.09857855165741697,2.0
20,retail_13,0,0.13084680302491758,2.0
20,retail_15,0,0.13770275802067708,1.0
20,retail_16,0,0.11231252945597475,2.0
20,retail_17,0,0.10385399975030118,2.0
20,retail_20,0,0.07325840723357478,1.0
20,retail_24,0,0.12857046310761855,2.0
20,retail_28,0,0.029029612072494833,1.0
20,retail_31,0,0.12297442299356343,1.0
20,retail_32,0,0.08982811972977478,3.0
20,retail_38,0,0.04051221818812069,1.0
20,retail_43,0,0.11853064274543486,2.0
20,retail_47,0,0.0963757373690943,2.0
20,retail_48,0,0.0676955042787725,2.0
20,contrarian_6,0,0.03639227570305762,2.0
20,contrarian_9,0,0.06197685913253362,4.0
21,retail_17,0,0.024717097346770613,1.0
21,retail_24,0,0.02950924512294923,1.0
21,retail_32,0,0.01918146949452164,1.0
21,contrarian_0,0,0.13015494586258333,9.0
21,contrarian_2,0,0.12678113143300057,9.0
21,contrarian_3,0,0.07108328520693816,4.0
21,contrarian_4,0,0.1193658897509437,8.0
21,contrarian_5,0,0.19958296238951423,11.0
21,contrarian_6,0,0.1374118206059216,9.0
21,contrarian_7,0,0.14027958012349667,10.0
21,contrarian_9,0,0.17324233140446016,12.0
21,contrarian_10,0,0.16025746232013865,7.0
21,contrarian_11,0,0.057247020786428404,3.0
21,contrarian_12,0,0.10264841537442011,7.0
21,contrarian_13,0,0.15602870540816854,10.0
21,contrarian_14,0,0.16167375929670819,9.0
22,contrarian_0,0,0.21737884514455397,15.0
22,contrarian_1,0,0.18497547770800032,10.0
22,contrarian_2,0,0.19054794049837465,12.0
22,contrarian_3,0,0.17437084849321444,9.0
22,contrarian_4,0,0.19174946895876266,12.0
22,contrarian_5,0,0.2894690857529173,15.0
22,contrarian_6,0,0.21569284730219956,14.0
22,contrarian_7,0,0.21829957485218263,15.0
22,contrarian_8,0,0.15515103553874368,9.0
22,contrarian_9,0,0.25962283913601447,17.0
22,contrarian_10,0,0.2530027430630437,11.0
22,contrarian_11,0,0.17167308184618493,10.0
22,contrarian_12,0,0.1702718743631838,11.0
22,contrarian_13,0,0.23781465099481355,13.0
22,contrarian_14,0,0.24531050716148287,12.0
23,contrarian_0,0,0.2855193302394543,16.0
23,contrarian_1,0,0.2811284871071151,13.0
23,contrarian_2,0,0.23966502654014915,14.0
23,contrarian_3,0,0.255440327644106,13.0
23,contrarian_4,0,0.24688811701202165,13.0
23,contrarian_5,0,0.3532516790455717,14.0
23,contrarian_6,0,0.2736962360273525,15.0
23,contrarian_7,0,0.27670384466045045,17.0
23,contrarian_8,0,0.23757743737153472,13.0
23,contrarian_9,0,0.3224600516543106,18.0
23,contrarian_10,0,0.324197221797001,11.0
23,contrarian_11,0,0.2593642768940159,14.0
23,contrarian_12,0,0.22184819500514108,14.0
23,contrarian_13,0,0.2968949942448798,14.0
23,contrarian_14,0,0.30701773961803625,13.0
24,contrarian_0,0,0.339551233699565,15.0
24,contrarian_1,0,0.3523923168636746,14.0
24,contrarian_2,0,0.28298125358302645,13.0
24,contrarian_3,0,0.3132716654654366,13.0
24,contrarian_4,0,0.2911843862078693,13.0
24,contrarian_5,0,0.4049808767095905,12.0
24,contrarian_6,0,0.3183312106499039,14.0
24,contrarian_7,0,0.3241902158085904,16.0
24,contrarian_8,0,0.2983042830002769,14.0
24,contrarian_9,0,0.3713997336187432,16.0
24,contrarian_10,0,0.38212307168169407,11.0
24,contrarian_11,0,0.32376724312615746,14.0
24,contrarian_12,0,0.2653694235605439,14.0
24,contrarian_13,0,0.34156889352069925,13.0
24,contrarian_14,0,0.3542661827745628,12.0
25,contrarian_0,0,0.35713514093336407,11.0
25,contrarian_1,0,0.405043382968861,12.0
25,contrarian_2,0,0.2884202937350545,10.0
25,contrarian_3,0,0.3596169318632233,11.0
25,contrarian_4,0,0.30270944281031953,10.0
25,contrarian_5,0,0.4103139599408479,9.0
25,contrarian_6,0,0.3306464191265198,11.0
25,contrarian_7,0,0.33408554241941735,12.0
25,contrarian_8,0,0.3455897793074856,13.0
25,contrarian_9,0,0.3818101185876239,13.0
25,contrarian_10,0,0.3965738895891284,8.0
25,contrarian_11,0,0.3726013925121647,13.0
25,contrarian_12,0,0.27401661461064936,12.0
25,contrarian_13,0,0.35280669381153873,9.0
25,contrarian_14,0,0.3669283616285009,10.0
25,value_6,0,0.09653889293156528,62.0
25,value_17,0,0.1185145875836812,74.0
25,value_20,0,0.10151388799701061,52.0
26,contrarian_0,0,0.12824824345660762,3.0
26,contrarian_1,0,0.4224131716253977,9.0
26,contrarian_2,0,0.1498576051690711,4.0
26,contrarian_3,0,0.36569727344219793,8.0
26,contrarian_4,0,0.0914340011619202,2.0
26,contrarian_5,0,0.19212300423613277,3.0
26,contrarian_6,0,0.11286694054939299,3.0
26,contrarian_7,0,0.10530607651719132,3.0
26,contrarian_8,0,0.3571089066307977,10.0
26,contrarian_9,0,0.18887896866550646,5.0
26,contrarian_10,0,0.1606953661765593,2.0
26,contrarian_11,0,0.3858968183097428,9.0
26,contrarian_13,0,0.13275448652481178,2.0
26,contrarian_14,0,0.18614478756718514,4.0
26,value_1,0,0.1428928427999343,85.0
26,value_2,0,0.1289026382713048,107.0
26,value_4,0,0.11528443044756811,64.0
26,value_6,0,0.10126790763748238,64.0
26,value_7,0,0.09532226251980179,52.0
26,value_8,0,0.1404252637937564,86.0
26,value_9,0,0.1386772454070047,110.0
26,value_12,0,0.1145311598282786,70.0
26,value_14,0,0.11942931941968715,71.0
26,value_17,0,0.1225501761153355,73.0
26,value_18,0,0.15496264203312435,102.0
26,value_20,0,0.10713137073445954,53.0
26,value_21,0,0.09721779302503589,65.0
26,value_22,0,0.11486061152934968,59.0
27,contrarian_0,0,0.1422778622315763,3.0
27,contrarian_1,0,0.27117256270483187,4.0
27,contrarian_2,0,0.1588624144421068,4.0
27,contrarian_3,0,0.17097861774149098,3.0
27,contrarian_4,0,0.10356295431468565,2.0
27,contrarian_5,0,0.20386630917097745,2.0
27,contrarian_6,0,0.12493780548518907,3.0
27,contrarian_7,0,0.11812578845963326,3.0
27,contrarian_8,0,0.13854100434348715,3.0
27,contrarian_9,0,0.19985373246360164,4.0
27,contrarian_10,0,0.1749637634056581,2.0
27,contrarian_11,0,0.21367580456246826,4.0
27,contrarian_13,0,0.14454171401739474,2.0
27,contrarian_14,0,0.19675242943455704,3.0
27,value_1,0,0.14831337472542402,81.0
27,value_2,0,0.13417051415515288,102.0
27,value_4,0,0.12098719077221748,62.0
27,value_6,0,0.09073544871949123,53.0
27,value_7,0,0.10237408743877977,53.0
27,value_8,0,0.1451691797594572,81.0
27,value_9,0,0.14368353347301405,103.0
27,value_12,0,0.11963844181347863,68.0
27,value_17,0,0.11301115284867368,62.0
27,value_18,0,0.15985193516536006,96.0
27,value_20,0,0.09871200374055493,46.0
27,value_21,0,0.10228360826113117,64.0
28,contrarian_0,0,0.11178759496366544,2.0
28,contrarian_1,0,0.28099168924007506,3.0
28,contrarian_2,0,0.1266500233617523,2.0
28,contrarian_3,0,0.18155456702358178,2.0
28,contrarian_4,0,0.07723935941676999,2.0
28,contrarian_5,0,0.16476887339132518,2.0
28,contrarian_6,0,0.09837279703389538,2.0
28,contrarian_7,0,0.08803851472294291,2.0
28,contrarian_8,0,0.15071114406100583,3.0
28,contrarian_9,0,0.16622432234711543,3.0
28,contrarian_10,0,0.1385620501855217,1.0
28,contrarian_11,0,0.22395192933731636,3.0
28,contrarian_13,0,0.11668814276367884,2.0
28,contrarian_14,0,0.16603027920981359,2.0
28,value_1,0,0.13646810238519919,69.0
28,value_2,0,0.12194306950254213,85.0
28,value_4,0,0.11244239653880539,53.0
28,value_5,0,0.11363371087873582,84.0
28,value_6,0,0.10479209962312133,59.0
28,value_7,0,0.09043147466032855,44.0
28,value_8,0,0.13265450637210738,69.0
28,value_9,0,0.12918376009978583,85.0
28,value_12,0,0.10902445264895536,58.0
28,value_17,0,0.14623832273976062,75.0
28,value_18,0,0.14614123607704343,81.0
28,value_20,0,0.10670045738248307,47.0
28,value_21,0,0.09342123374033105,55.0
29,retail_6,0,0.04320575770166801,1.0
29,retail_31,0,0.041391674356792134,1.0
29,contrarian_1,0,0.24662307955698448,2.0
29,contrarian_3,0,0.1474209650431822,2.0
29,contrarian_8,0,0.12092453748425619,2.0
29,contrarian_9,0,0.048825572206034326,1.0
29,contrarian_11,0,0.19152746727872078,2.0
29,momentum_8,0,0.08925572935071961,18.0
29,momentum_11,0,0.07988377529404445,16.0
29,momentum_18,0,0.08384386390769304,17.0
29,value_1,0,0.15153606474272602,70.0
29,value_2,0,0.13217247947807173,85.0
29,value_4,0,0.12529137706729584,55.0
29,value_5,0,0.1095614474530041,75.0
29,value_6,0,0.10122719866446843,53.0
29,value_7,0,0.0905812250121608,41.0
29,value_8,0,0.1515750583615973,72.0
29,value_9,0,0.15204069869314144,92.0
29,value_12,0,0.12383192037852496,61.0
29,value_17,0,0.14351969056536545,67.0
29,value_18,0,0.16233257975052076,83.0
29,value_20,0,0.09964917434601364,41.0
29,value_21,0,0.11920283071559776,66.0
30,retail_2,0,0.04481831206606706,1.0
30,retail_12,0,0.10113255596104816,1.0
30,retail_14,0,0.1017100634554534,2.0
30,retail_19,0,0.12376766870821536,3.0
30,retail_30,0,0.07102975534998904,2.0
30,retail_37,0,0.055446840880811234,1.0
30,retail_41,0,0.12529898299119238,2.0
30,retail_42,0,0.07779310237707776,1.0
30,contrarian_1,0,0.1439496951337524,1.0
30,contrarian_11,0,0.08309605475764126,1.0
30,momentum_8,0,0.08906730864944586,17.0
30,momentum_10,0,0.07230259213755227,12.0
30,momentum_11,0,0.08457368692852155,16.0
30,momentum_18,0,0.09107813645876014,18.0
30,momentum_20,0,0.060453593700669994,12.0
30,value_1,0,0.14216624680361833,59.0
30,value_2,0,0.12363840196822429,72.0
30,value_4,0,0.11749201673990181,47.0
30,value_5,0,0.11472883246168539,73.0
30,value_6,0,0.10706265334147186,52.0
30,value_8,0,0.14348173706337392,62.0
30,value_9,0,0.1467262421456005,79.0
30,value_12,0,0.11780421292023269,54.0
30,value_17,0,0.15436056841361928,65.0
30,value_18,0,0.15199778591469185,70.0
30,value_20,0,0.09899250857378274,38.0
30,value_21,0,0.11776329134977637,59.0
30,value_24,0,0.09841443765309872,65.0
31,retail_1,0,0.18229682375681378,2.0
31,retail_2,0,0.08696567940970072,1.0
31,retail_3,0,0.03121866514068897,1.0
31,retail_4,0,0.04032288609581816,1.0
31,retail_6,0,0.05036457874328754,1.0
31,retail_7,0,0.1763903129539942,4.0
31,retail_12,0,0.1362143208070485,2.0
31,retail_14,0,0.14749877324055918,2.0
31,retail_18,0,0.13286061848806244,2.0
31,retail_19,0,0.1567772212608868,3.0
31,retail_21,0,0.16829256178992574,2.0
31,retail_23,0,0.03256685498897461,1.0
31,retail_26,0,0.11624530203947658,3.0
31,retail_28,0,0.16604078030090771,4.0
31,retail_30,0,0.11375812065046528,2.0
31,retail_31,0,0.04847653087867479,1.0
31,retail_33,0,0.05703332299546612,1.0
31,retail_34,0,0.05416951386432564,2.0
31,retail_35,0,0.06061849259370805,1.0
31,retail_37,0,0.10346591330603502,2.0
31,retail_38,0,0.15530419625414232,4.0
31,retail_40,0,0.07143488705962625,2.0
31,retail_41,0,0.16040511956791798,3.0
31,retail_42,0,0.12624806554773446,2.0
31,retail_45,0,0.04229377807110927,1.0
31,retail_46,0,0.12435228686817307,2.0
31,contrarian_1,0,0.09536056057673487,1.0
31,institutional_0,0,0.16167850377241144,51.0
31,institutional_1,0,0.18015201193799713,102.0
31,institutional_2,0,0.16031219422754583,28.0
31,institutional_3,0,0.1484771848903222,8.0
31,institutional_4,0,0.1560106824944513,17.0
31,momentum_8,0,0.0989480797599381,18.0
31,momentum_10,0,0.10256949618400651,16.0
31,momentum_11,0,0.09886596321351841,18.0
31,momentum_15,0,0.07130100876633988,12.0
31,momentum_18,0,0.11151973694468088,20.0
31,momentum_20,0,0.07227394893361225,14.0
31,value_1,0,0.13983840463293512,53.0
31,value_2,0,0.12137442790985983,64.0
31,value_4,0,0.11693260216212661,43.0
31,value_5,0,0.12542903321131896,73.0
31,value_6,0,0.1189152797611158,53.0
31,value_8,0,0.14345099383188756,56.0
31,value_9,0,0.15297959036925662,74.0
31,value_11,0,0.1148708149046857,76.0
31,value_12,0,0.12027350915452267,50.0
31,value_17,0,0.1730486882443076,65.0
31,value_18,0,0.14802353948202532,62.0
31,value_19,0,0.1156519152244571,64.0
31,value_20,0,0.10176817722029337,36.0
31,value_21,0,0.13010124007071652,60.0
31,value_24,0,0.12316075672348233,75.0
32,retail_1,0,0.219670106460502,2.0
32,retail_2,0,0.17656242085157495,2.0
32,retail_3,0,0.12336905294015386,4.0
32,retail_4,0,0.1532492584713078,2.0
32,retail_6,0,0.24831295230848044,3.0
32,retail_7,0,0.2023272138639976,3.0
32,retail_8,0,0.07013674202049987,1.0
32,retail_9,0,0.04184406298523559,1.0
32,retail_10,0,0.054127149291145246,1.0
32,retail_12,0,0.2154766671202918,2.0
32,retail_14,0,0.24686274280923393,3.0
32,retail_16,0,0.05919517559421316,1.0
32,retail_17,0,0.14906908165742874,4.0
32,retail_18,0,0.17195184612327025,2.0
32,retail_19,0,0.23208828081086513,4.0
32,retail_20,0,0.09181133452271784,2.0
32,retail_21,0,0.20947302839984716,2.0
32,retail_22,0,0.08065235353487202,4.0
32,retail_23,0,0.07653331288166315,2.0
32,retail_25,0,0.06617510539718871,1.0
32,retail_26,0,0.14701776958396226,4.0
32,retail_27,0,0.07186773272218415,1.0
32,retail_28,0,0.20217123928854797,5.0
32,retail_29,0,0.08045808563896677,2.0
32,retail_30,0,0.20665565752875326,4.0
32,retail_31,0,0.24686712699100655,3.0
32,retail_32,0,0.15481175793961072,5.0
32,retail_33,0,0.10740675316253961,1.0
32,retail_34,0,0.1393121956766035,5.0
32,retail_35,0,0.1699951792051682,3.0
32,retail_36,0,0.10634985990004539,1.0
32,retail_37,0,0.205659683118115,3.0
32,retail_38,0,0.1913467881582718,4.0
32,retail_39,0,0.09904107187629467,2.0
32,retail_40,0,0.17809633923776272,4.0
32,retail_41,0,0.24110681408788825,4.0
32,retail_42,0,0.23073762599146996,3.0
32,retail_45,0,0.08931406788605853,1.0
32,retail_46,0,0.15892914652637607,2.0
32,retail_48,0,0.030927422615652768,1.0
32,retail_49,0,0.043242628639800516,2.0
32,institutional_0,0,0.18092757210917945,48.0
32,institutional_1,0,0.18701820068167868,88.0
32,institutional_2,0,0.2076883364597655,31.0
32,institutional_3,0,0.19145003776205027,9.0
32,institutional_4,0,0.20214660512626903,18.0
32,momentum_7,0,0.09026101239270093,19.0
32,momentum_8,0,0.1118171724008909,19.0
32,momentum_10,0,0.13617878466837682,20.0
32,momentum_11,0,0.11203599039322529,19.0
32,momentum_14,0,0.0990149325335089,20.0
32,momentum_15,0,0.09718205403275251,15.0
32,momentum_16,0,0.0860118115843744,14.0
32,momentum_18,0,0.13583282887582449,23.0
32,momentum_20,0,0.08585475110373827,15.0
32,momentum_22,0,0.08704548758679877,15.0
32,value_1,0,0.14171937798887344,49.0
32,value_2,0,0.1232254036643274,59.0
32,value_4,0,0.12008318383652286,40.0
32,value_6,0,0.10666204072968082,43.0
32,value_7,0,0.09533802054509308,38.0
32,value_8,0,0.1485364252455931,52.0
32,value_9,0,0.16692394032250596,71.0
32,value_10,0,0.12283136028799778,74.0
32,value_11,0,0.11678444131201338,71.0
32,value_12,0,0.12790901682971628,49.0
32,value_13,0,0.09189658111458954,53.0
32,value_17,0,0.14284191564790652,47.0
32,value_18,0,0.1482932150361095,56.0
32,value_19,0,0.10644927779033837,53.0
32,value_21,0,0.15036769732501865,62.0
32,value_24,0,0.11634003440421371,64.0
32,value_25,0,0.1247146481382754,59.0
32,value_27,0,0.09672910858758399,52.0
33,retail_1,0,0.3074095239589859,2.0
33,retail_2,0,0.2894903204217997,3.0
33,retail_3,0,0.23737788080080066,7.0
33,retail_4,0,0.2952040797548226,3.0
33,retail_5,0,0.10051364515421377,3.0
33,retail_6,0,0.27828858501813425,3.0
33,retail_7,0,0.266484487144273,4.0
33,retail_8,0,0.17454520958250694,2.0
33,retail_9,0,0.13673765672428803,5.0
33,retail_10,0,0.15033535155352046,2.0
33,retail_12,0,0.3157323890151941,3.0
33,retail_14,0,0.36864710703148024,3.0
33,retail_16,0,0.10490487861857603,2.0
33,retail_17,0,0.185533615013797,4.0
33,retail_18,0,0.2603295099885746,3.0
33,retail_19,0,0.32535544286667883,5.0
33,retail_20,0,0.1247237153427439,2.0
33,retail_21,0,0.30395760813112443,2.0
33,retail_22,0,0.11388520430790713,5.0
33,retail_23,0,0.17011111973377097,4.0
33,retail_25,0,0.21704454029185302,2.0
33,retail_26,0,0.21705843084360923,5.0
33,retail_27,0,0.21775493096957524,2.0
33,retail_28,0,0.28651324957864543,5.0
33,retail_29,0,0.20633438159823192,4.0
33,retail_30,0,0.3220048147707382,5.0
33,retail_31,0,0.2773844065541747,2.0
33,retail_32,0,0.1896787301586562,5.0
33,retail_33,0,0.21459701893170083,2.0
33,retail_34,0,0.24337722637507664,7.0
33,retail_35,0,0.30627316876863536,5.0
33,retail_36,0,0.2306166903145892,2.0
33,retail_37,0,0.33380019279056417,4.0
33,retail_38,0,0.27494999337042536,6.0
33,retail_39,0,0.22792903071984028,3.0
33,retail_40,0,0.30863209116229445,5.0
33,retail_41,0,0.34110092701354,4.0
33,retail_42,0,0.3601475304487583,4.0
33,retail_44,0,0.17950687611365027,2.0
33,retail_45,0,0.1899420530561864,3.0
33,retail_46,0,0.23873440847197827,3.0
33,retail_48,0,0.07377176708603667,2.0
33,retail_49,0,0.13427173353893157,5.0
33,institutional_0,0,0.24846340181547316,55.0
33,institutional_1,0,0.24672951024339448,96.0
33,institutional_2,0,0.2991755096716056,36.0
33,institutional_3,0,0.27197699603063136,10.0
33,institutional_4,0,0.2894755666541371,21.0
33,value_1,0,0.10412809556787925,32.0
33,value_4,0,0.09259223445725297,28.0
33,value_6,0,0.10301878629667299,38.0
33,value_7,0,0.09356473566511188,34.0
33,value_8,0,0.11852777069077117,37.0
33,value_9,0,0.14286812225297416,53.0
33,value_11,0,0.11847614434978235,65.0
33,value_12,0,0.10581874361891999,36.0
33,value_13,0,0.0987857166667044,53.0
33,value_17,0,0.1374663900825769,40.0
33,value_21,0,0.13275348512411858,49.0
33,value_24,0,0.11291500610206442,56.0
33,value_25,0,0.12681878034147032,54.0
33,value_27,0,0.09339323128202684,46.0
33,value_28,0,0.08592518767173174,39.0
34,retail_0,0,0.12809860806447643,2.0
34,retail_1,0,0.41842469970393303,2.0
34,retail_2,0,0.23510930955030612,2.0
34,retail_3,0,0.1980855182685614,5.0
34,retail_4,0,0.2655691319338329,2.0
34,retail_5,0,0.22522101392041363,5.0
34,retail_6,0,0.3545501103905281,3.0
34,retail_7,0,0.34854990810828884,4.0
34,retail_8,0,0.3042875946049255,2.0
34,retail_9,0,0.2524877300535959,7.0
34,retail_10,0,0.2686425582353505,3.0
34,retail_11,0,0.10472819942983932,2.0
34,retail_12,0,0.24546654604825915,2.0
34,retail_13,0,0.127405820156681,2.0
34,retail_14,0,0.2670966262941265,2.0
34,retail_15,0,0.15810744236927854,1.0
34,retail_16,0,0.2026721144041583,3.0
34,retail_17,0,0.26971983159718643,5.0
34,retail_18,0,0.3713972060627337,3.0
34,retail_19,0,0.22712713914717614,2.0
34,retail_20,0,0.19840920234524453,3.0
34,retail_21,0,0.422558845881711,2.0
34,retail_22,0,0.18713095700387175,8.0
34,retail_23,0,0.284721133671678,6.0
34,retail_24,0,0.1132276196048381,2.0
34,retail_25,0,0.21982039924218666,2.0
34,retail_26,0,0.30291755923315694,5.0
34,retail_27,0,0.20787415468693665,2.0
34,retail_28,0,0.39251851213917616,6.0
34,retail_29,0,0.19223393918635517,3.0
34,retail_30,0,0.25018575477660615,3.0
34,retail_31,0,0.354573569788931,2.0
34,retail_32,0,0.2710583727075107,6.0
34,retail_33,0,0.3480860869611353,3.0
34,retail_34,0,0.18863772137851023,4.0
34,retail_35,0,0.2562650399709057,4.0
34,retail_36,0,0.2032478810264641,2.0
34,retail_37,0,0.2704194264844986,3.0
34,retail_38,0,0.3812925579205226,6.0
34,retail_39,0,0.20097439227748287,2.0
34,retail_40,0,0.2385031324129596,3.0
34,retail_41,0,0.24217056258513037,2.0
34,retail_42,0,0.2737359570030239,2.0
34,retail_43,0,0.12022614541474179,2.0
34,retail_44,0,0.2116876138221602,2.0
34,retail_45,0,0.31636771202906777,4.0
34,retail_46,0,0.3392607111580629,3.0
34,retail_47,0,0.04688460187044158,1.0
34,retail_48,0,0.16385582826489656,5.0
34,retail_49,0,0.2439993382251821,8.0
34,institutional_0,0,0.27833822577876227,48.0
34,institutional_1,0,0.27178998846796404,83.0
34,institutional_2,0,0.3399344325005508,30.0
34,institutional_3,0,0.30815706504671836,8.0
34,institutional_4,0,0.32840384251886817,18.0
34,value_6,0,0.09066542714622645,31.0
34,value_8,0,0.10448369031757314,30.0
34,value_9,0,0.13876651605806117,46.0
34,value_11,0,0.10766538334652158,53.0
34,value_12,0,0.09205052361245909,29.0
34,value_13,0,0.09420441838021146,46.0
34,value_17,0,0.12257996930645305,32.0
34,value_21,0,0.12932525281141696,43.0
34,value_24,0,0.09956492311368383,45.0
34,value_25,0,0.13543426724210206,52.0
34,value_27,0,0.08607703859281794,39.0
35,retail_0,0,0.2593440804728521,3.0
35,retail_1,0,0.30171033537263875,1.0
35,retail_2,0,0.2860477022040564,2.0
35,retail_3,0,0.24319759624440737,5.0
35,retail_4,0,0.3392994821668494,2.0
35,retail_5,0,0.2005253610007509,4.0
35,retail_6,0,0.45273311490590484,3.0
35,retail_7,0,0.25208976179635034,2.0
35,retail_8,0,0.2507197808793596,1.0
35,retail_9,0,0.1954269366742929,5.0
35,retail_10,0,0.2197658938738478,2.0
35,retail_11,0,0.2368135866969204,4.0
35,retail_12,0,0.28895535370638603,1.0
35,retail_13,0,0.27455222958317316,4.0
35,retail_14,0,0.3128856444488271,1.0
35,retail_15,0,0.2895124810353307,2.0
35,retail_16,0,0.3244124253569733,5.0
35,retail_17,0,0.37578585974058604,6.0
35,retail_18,0,0.2784569075624873,1.0
35,retail_19,0,0.2518067990192529,2.0
35,retail_20,0,0.2903361666463757,4.0
35,retail_21,0,0.3080909862250722,1.0
35,retail_22,0,0.27437807530965747,10.0
35,retail_23,0,0.22413908875218835,4.0
35,retail_24,0,0.25278645270693895,5.0
35,retail_25,0,0.2956992881686221,2.0
35,retail_26,0,0.20893879601202908,3.0
35,retail_27,0,0.27520015582553004,2.0
35,retail_28,0,0.2885650965504806,3.0
35,retail_29,0,0.2483636167310519,3.0
35,retail_30,0,0.2977824811772989,2.0
35,retail_31,0,0.45396316821523197,2.0
35,retail_32,0,0.3738401400915862,7.0
35,retail_33,0,0.27104273210212976,2.0
35,retail_34,0,0.22052981427974264,4.0
35,retail_35,0,0.309767692602787,4.0
35,retail_36,0,0.257698243010307,2.0
35,retail_37,0,0.33210963856316955,3.0
35,retail_38,0,0.2827516193073676,4.0
35,retail_39,0,0.2547243668304408,3.0
35,retail_40,0,0.28558694717139727,3.0
35,retail_41,0,0.2674074984940974,2.0
35,retail_42,0,0.32304175364396387,3.0
35,retail_43,0,0.2502527081928575,4.0
35,retail_44,0,0.29507962255171083,2.0
35,retail_45,0,0.2667403262422263,2.0
35,retail_46,0,0.2522330973050302,2.0
35,retail_47,0,0.17984297255689163,3.0
35,retail_48,0,0.2734474942308404,7.0
35,retail_49,0,0.1874856783912775,5.0
35,institutional_0,0,0.2814114194543779,37.0
35,institutional_1,0,0.27286212489114964,65.0
35,institutional_2,0,0.34672171121619305,22.0
35,institutional_3,0,0.3129934366954248,6.0
35,institutional_4,0,0.3342935405927927,13.0
35,value_8,0,0.08569103220603255,23.0
35,value_9,0,0.12374875617403922,37.0
35,value_17,0,0.10481684216368285,25.0
35,value_21,0,0.11526073999445449,35.0
35,value_25,0,0.1288301723668086,45.0
36,retail_0,0,0.21077957193974917,2.0
36,retail_1,0,0.34255974613870466,1.0
36,retail_2,0,0.3077574652853596,2.0
36,retail_3,0,0.26295460103963014,4.0
36,retail_4,0,0.37130182249394916,2.0
36,retail_5,0,0.2518191818295008,4.0
36,retail_6,0,0.31881443337864535,1.0
36,retail_7,0,0.2870108163779151,2.0
36,retail_8,0,0.3106712770721237,1.0
36,retail_9,0,0.23228836156279792,5.0
36,retail_10,0,0.2661850341563545,1.0
36,retail_11,0,0.2137274516194907,4.0
36,retail_12,0,0.305610385969804,1.0
36,retail_13,0,0.24048367056074582,3.0
36,retail_14,0,0.3336218578245674,1.0
36,retail_15,0,0.24066739854963273,1.0
36,retail_16,0,0.24979039905338074,3.0
36,retail_17,0,0.2741836511055505,4.0
36,retail_18,0,0.3269333700547481,1.0
36,retail_19,0,0.2609220728249716,2.0
36,retail_20,0,0.21388561523870092,2.0
36,retail_21,0,0.35605111409805995,1.0
36,retail_22,0,0.1779815332172881,5.0
36,retail_23,0,0.268403530999718,4.0
36,retail_24,0,0.23304275864320803,4.0
36,retail_25,0,0.33014588081820745,1.0
36,retail_26,0,0.23287397813809635,2.0
36,retail_27,0,0.3064650340221574,2.0
36,retail_28,0,0.3357063728532115,3.0
36,retail_29,0,0.2731960710760106,3.0
36,retail_30,0,0.31751129644236803,2.0
36,retail_31,0,0.31881341659305024,1.0
36,retail_32,0,0.2685529274294209,4.0
36,retail_33,0,0.3225195945654189,2.0
36,retail_34,0,0.23358265239728498,3.0
36,retail_35,0,0.3312812967038762,3.0
36,retail_36,0,0.2818598171529105,2.0
36,retail_37,0,0.35900180485585764,2.0
36,retail_38,0,0.32593853516948007,4.0
36,retail_39,0,0.2790239196939891,2.0
36,retail_40,0,0.30685827493279605,3.0
36,retail_41,0,0.2755759835321093,2.0
36,retail_42,0,0.34403915352228537,2.0
36,retail_43,0,0.22354399602199515,3.0
36,retail_44,0,0.3325256813985137,2.0
36,retail_45,0,0.3302539978077601,2.0
36,retail_46,0,0.28621746674251625,2.0
36,retail_47,0,0.18473950032155897,3.0
36,retail_48,0,0.20234923836066182,4.0
36,retail_49,0,0.22078604539107374,5.0
36,institutional_0,0,0.26865605962567746,28.0
36,institutional_1,0,0.25998354480212527,49.0
36,institutional_2,0,0.3309129182630746,16.0
36,institutional_3,0,0.29883399246253894,4.0
36,institutional_4,0,0.31900648795804243,9.0
36,value_17,0,0.09166965538512678,21.0
36,value_21,0,0.09771225371137057,28.0
36,value_25,0,0.11477016529152105,37.0
37,retail_0,0,0.2567458735580776,2.0
37,retail_1,0,0.35787438260479726,1.0
37,retail_2,0,0.3084944317007038,1.0
37,retail_3,0,0.2627217535385654,4.0
37,retail_4,0,0.3746668775619528,2.0
37,retail_5,0,0.2740905526282985,4.0
37,retail_6,0,0.35679094410581036,1.0
37,retail_7,0,0.2995590246101565,1.0
37,retail_8,0,0.33726478432004015,1.0
37,retail_9,0,0.24900582758516301,5.0
37,retail_10,0,0.28554968935316816,1.0
37,retail_11,0,0.2703166567229014,4.0
37,retail_12,0,0.3026115208336721,1.0
37,retail_13,0,0.30413870441684443,4.0
37,retail_14,0,0.3312495031125538,1.0
37,retail_15,0,0.3012683250658527,1.0
37,retail_16,0,0.2944637161368556,3.0
37,retail_17,0,0.3126542021002253,3.0
37,retail_18,0,0.34678042666567077,1.0
37,retail_19,0,0.2548562958726672,1.0
37,retail_20,0,0.24392420943601847,2.0
37,retail_21,0,0.37544850780977707,1.0
37,retail_22,0,0.18790744731124115,4.0
37,retail_23,0,0.2870430810389352,3.0
37,retail_24,0,0.2947744199584337,4.0
37,retail_25,0,0.33425385733484075,1.0
37,retail_26,0,0.24239001849577096,2.0
37,retail_27,0,0.30937814238030203,2.0
37,retail_28,0,0.35454477058122563,3.0
37,retail_29,0,0.2734093713410522,3.0
37,retail_30,0,0.31488403953742083,1.0
37,retail_31,0,0.35571228522344034,1.0
37,retail_32,0,0.3002827033827202,4.0
37,retail_33,0,0.34449942568504316,1.0
37,retail_34,0,0.22926842376636855,3.0
37,retail_35,0,0.32857040283946504,3.0
37,retail_36,0,0.28187832353905334,1.0
37,retail_37,0,0.36037570979823447,2.0
37,retail_38,0,0.3424056400177261,3.0
37,retail_39,0,0.27975299977618684,2.0
37,retail_40,0,0.3051244208895241,2.0
37,retail_41,0,0.2674430030436626,2.0
37,retail_42,0,0.3413717703552543,2.0
37,retail_43,0,0.2828284589166367,3.0
37,retail_44,0,0.33897070440642457,2.0
37,retail_45,0,0.3567651481177829,2.0
37,retail_46,0,0.2978450572480644,2.0
37,retail_47,0,0.24252009630667146,3.0
37,retail_48,0,0.23485243839915373,4.0
37,retail_49,0,0.23517705360859092,5.0
37,institutional_0,0,0.270494741461307,22.0
37,institutional_1,0,0.2597579658681373,39.0
37,institutional_2,0,0.3291508630683774,11.0
37,institutional_3,0,0.3010538062381801,3.0
37,institutional_4,0,0.31877024763342404,6.0
37,value_25,0,0.10181755202034451,31.0
38,retail_0,0,0.27740455674035597,2.0
38,retail_1,0,0.3528683437781074,1.0
38,retail_2,0,0.2964972251082826,1.0
38,retail_3,0,0.25228902568774186,3.0
38,retail_4,0,0.35938935537516653,1.0
38,retail_5,0,0.2740480818427038,3.0
38,retail_6,0,0.36987723942120293,1.0
38,retail_7,0,0.2953031777381714,1.0
38,retail_8,0,0.33847489328522656,1.0
38,retail_9,0,0.24688769567907307,4.0
38,retail_10,0,0.28268520421058657,1.0
38,retail_11,0,0.2946793141601151,4.0
38,retail_12,0,0.28959705305904093,1.0
38,retail_13,0,0.33269610078706,3.0
38,retail_14,0,0.31933112062186214,1.0
38,retail_15,0,0.32881547978949577,1.0
38,retail_16,0,0.31324973420773194,2.0
38,retail_17,0,0.32713390096462863,3.0
38,retail_18,0,0.3444285767406041,1.0
38,retail_19,0,0.24470133149334294,1.0
38,retail_20,0,0.2553095055194756,2.0
38,retail_22,0,0.19152972940645985,4.0
38,retail_23,0,0.28364145597488566,2.0
38,retail_24,0,0.32086471235921044,3.0
38,retail_25,0,0.3203334869508289,1.0
38,retail_26,0,0.23692273820605733,2.0
38,retail_27,0,0.29699391846491163,1.0
38,retail_28,0,0.3510494691773782,2.0
38,retail_29,0,0.2614853488328062,2.0
38,retail_30,0,0.3019062973346112,1.0
38,retail_31,0,0.36835064505253007,1.0
38,retail_32,0,0.31121147087746326,3.0
38,retail_33,0,0.34299232122701395,1.0
38,retail_34,0,0.21945452428248224,2.0
38,retail_35,0,0.31413539784089844,2.0
38,retail_36,0,0.2700381545738167,1.0
38,retail_37,0,0.3464872316359839,1.0
38,retail_38,0,0.33892268377672213,2.0
38,retail_39,0,0.26853552635019856,1.0
38,retail_40,0,0.2936432107124372,2.0
38,retail_41,0,0.25573045088644536,1.0
38,retail_42,0,0.3280406883615518,1.0
38,retail_43,0,0.30846014072961037,2.0
38,retail_44,0,0.3245181050994577,1.0
38,retail_45,0,0.3569983904677174,2.0
38,retail_46,0,0.291722635485236,1.0
38,retail_47,0,0.2674764872961571,3.0
38,retail_48,0,0.24922260055498965,4.0
38,retail_49,0,0.23043647501483458,4.0
38,institutional_0,0,0.2591730573772481,16.0
38,institutional_1,0,0.2481720898653024,29.0
38,institutional_2,0,0.31248560314202606,8.0
38,institutional_3,0,0.28809175739258386,2.0
38,institutional_4,0,0.303482007052004,5.0
38,value_25,0,0.0950238110549337,27.0
39,retail_0,0,0.2750743263040022,2.0
39,retail_2,0,0.2958418293560099,1.0
39,retail_3,0,0.2561760557751628,3.0
39,retail_4,0,0.3571242177174475,1.0
39,retail_5,0,0.26252002848186445,2.0
39,retail_6,0,0.36404110865601613,1.0
39,retail_7,0,0.2830117210812662,1.0
39,retail_8,0,0.3253733925189345,1.0
39,retail_9,0,0.23760698725072932,3.0
39,retail_10,0,0.270388094884974,1.0
39,retail_11,0,0.29405499676092284,3.0
39,retail_12,0,0.2894365284971505,1.0
39,retail_13,0,0.33389991053595536,2.0
39,retail_14,0,0.32902284877041266,1.0
39,retail_15,0,0.33056602224229514,1.0
39,retail_16,0,0.31110175429269427,2.0
39,retail_17,0,0.3223625506171565,2.0
39,retail_18,0,0.33080359867860676,1.0
39,retail_19,0,0.2514690707270929,1.0
39,retail_20,0,0.25091947812769333,2.0
39,retail_22,0,0.1828028949924927,3.0
39,retail_23,0,0.27157174003615886,2.0
39,retail_24,0,0.3217889481576595,3.0
39,retail_26,0,0.2277018067772964,1.0
39,retail_27,0,0.3039950313635925,1.0
39,retail_28,0,0.33690220199061693,1.0
39,retail_29,0,0.26750633682425,2.0
39,retail_30,0,0.30630926393493263,1.0
39,retail_32,0,0.3050512403518242,2.0
39,retail_33,0,0.32973101235741076,1.0
39,retail_34,0,0.22745065197551562,2.0
39,retail_35,0,0.31681984197014906,2.0
39,retail_36,0,0.2761248904496776,1.0
39,retail_37,0,0.34712405904279275,1.0
39,retail_38,0,0.3252290987963676,2.0
39,retail_39,0,0.27455089464936194,1.0
39,retail_40,0,0.30282429148160067,2.0
39,retail_41,0,0.2627184350049447,1.0
39,retail_42,0,0.3341991473390099,1.0
39,retail_43,0,0.3091393418160369,2.0
39,retail_44,0,0.32287198151225577,1.0
39,retail_45,0,0.3418908424702584,1.0
39,retail_46,0,0.2788090377699666,1.0
39,retail_47,0,0.26825996290069287,2.0
39,retail_48,0,0.24549590898353407,3.0
39,retail_49,0,0.22064538582710863,4.0
39,institutional_1,0,0.13320728504786314,13.0
39,institutional_2,0,0.19215902335180104,4.0
39,institutional_3,0,0.16997615318591652,1.0
39,institutional_4,0,0.18391359477975763,2.0
40,retail_0,0,0.2639610791174692,2.0
40,retail_2,0,0.28484754523003186,1.0
40,retail_3,0,0.24873726384712586,2.0
40,retail_5,0,0.26637491072510805,2.0
40,retail_6,0,0.34935709746501603,1.0
40,retail_8,0,0.3283794624168956,1.0
40,retail_9,0,0.24668948865898777,3.0
40,retail_10,0,0.27660390149928127,1.0
40,retail_11,0,0.2811422975086626,2.0
40,retail_13,0,0.320554619032402,2.0
40,retail_16,0,0.29897932011513884,2.0
40,retail_17,0,0.309238211972836,2.0
40,retail_20,0,0.24053734159123577,1.0
40,retail_22,0,0.1755516213565394,2.0
40,retail_23,0,0.2793289359657426,2.0
40,retail_24,0,0.3079556621264374,2.0
40,retail_26,0,0.2360762267676223,1.0
40,retail_27,0,0.2950848156255073,1.0
40,retail_28,0,0.3395484223780249,1.0
40,retail_29,0,0.25953766995667865,2.0
40,retail_30,0,0.2976680329487832,1.0
40,retail_32,0,0.29241620890397696,2.0
40,retail_34,0,0.2236136552701189,1.0
40,retail_35,0,0.30628502445684125,2.0
40,retail_36,0,0.26829953968384945,1.0
40,retail_37,0,0.3347831814347304,1.0
40,retail_38,0,0.32492381523040986,1.0
40,retail_39,0,0.26698193323387337,1.0
40,retail_40,0,0.2970940705515125,1.0
40,retail_41,0,0.2580928227445387,1.0
40,retail_42,0,0.3259471971153715,1.0
40,retail_43,0,0.2960652443828967,1.0
40,retail_44,0,0.30750759350232976,1.0
40,retail_45,0,0.3412969666148746,1.0
40,retail_46,0,0.28094509030948084,1.0
40,retail_47,0,0.2560757427212259,2.0
40,retail_48,0,0.23610153926418204,3.0
40,retail_49,0,0.23266161843051084,3.0
40,institutional_0,0,0.1457487140188316,7.0
40,institutional_1,0,0.13452154836461447,12.0
40,institutional_2,0,0.18964606011498902,3.0
40,institutional_3,0,0.17157092987222752,1.0
40,institutional_4,0,0.18298271046913053,2.0
41,retail_0,0,0.2747078192926166,1.0
41,retail_3,0,0.10545996087387961,1.0
41,retail_5,0,0.25793625895640077,2.0
41,retail_9,0,0.24297590126240184,2.0
41,retail_11,0,0.28617597172078224,2.0
41,retail_13,0,0.32594152117662784,1.0
41,retail_16,0,0.30301623711535436,1.0
41,retail_17,0,0.31167274656982735,2.0
41,retail_20,0,0.24438481784513189,1.0
41,retail_22,0,0.19092464122211628,2.0
41,retail_23,0,0.273122141753939,1.0
41,retail_24,0,0.3077946189193998,2.0
41,retail_26,0,0.23324300598167094,1.0
41,retail_28,0,0.3294374856462548,1.0
41,retail_29,0,0.12028128980294008,1.0
41,retail_32,0,0.29484396105914035,1.0
41,retail_35,0,0.13008667863576062,1.0
41,retail_38,0,0.3140081521250222,1.0
41,retail_43,0,0.2985189946285045,1.0
41,retail_45,0,0.3278321460516922,1.0
41,retail_46,0,0.27263612187310604,1.0
41,retail_47,0,0.2590889157617968,2.0
41,retail_48,0,0.24634507567541258,2.0
41,retail_49,0,0.2306205403104339,3.0
42,retail_0,0,0.2701770095269824,1.0
42,retail_3,0,0.11298624993985232,1.0
42,retail_5,0,0.1171137907446849,1.0
42,retail_9,0,0.08557425326249785,1.0
42,retail_11,0,0.27722846769780196,2.0
42,retail_13,0,0.31610015905151473,1.0
42,retail_16,0,0.29478511931744095,1.0
42,retail_17,0,0.30280342779687075,1.0
42,retail_20,0,0.23836688695195352,1.0
42,retail_22,0,0.19375919312703122,2.0
42,retail_24,0,0.2954066621850452,1.0
42,retail_29,0,0.12838449362168808,1.0
42,retail_32,0,0.2868713670312706,1.0
42,retail_43,0,0.2879243732914195,1.0
42,retail_47,0,0.24950591568332964,1.0
42,retail_48,0,0.24354426553290887,2.0
42,retail_49,0,0.07347490081893723,1.0
42,contrarian_0,0,0.22708361797646623,1.0
42,contrarian_2,0,0.13507994778223553,1.0
42,contrarian_4,0,0.17177659035082088,1.0
42,contrarian_5,0,0.18189367800963385,1.0
42,contrarian_6,0,0.16373689433549857,1.0
42,contrarian_7,0,0.17142386776874077,1.0
42,contrarian_9,0,0.17319446049213927,1.0
42,contrarian_10,0,0.17268337809477702,1.0
42,contrarian_12,0,0.16459707708383453,1.0
42,contrarian_13,0,0.14197368387227896,1.0
43,retail_5,0,0.12395466299370102,1.0
43,retail_9,0,0.09889107228293825,1.0
43,retail_11,0,0.12593937366654603,1.0
43,retail_24,0,0.14507972772154645,1.0
43,retail_47,0,0.12806639388969032,1.0
43,retail_48,0,0.07665001095085935,1.0
43,retail_49,0,0.08957253369781397,1.0
43,contrarian_0,0,0.2012920951534145,1.0
43,contrarian_2,0,0.11715539973376843,1.0
43,contrarian_3,0,0.18489521418249957,1.0
43,contrarian_4,0,0.15163637127749977,1.0
43,contrarian_6,0,0.14524087759014653,1.0
43,contrarian_7,0,0.15079297805621328,1.0
43,contrarian_9,0,0.1534663962610682,1.0
43,contrarian_12,0,0.14381723298026305,1.0
44,retail_11,0,0.13391674066879736,1.0
44,retail_13,0,0.15092248844084122,1.0
44,retail_24,0,0.14828273776990641,1.0
44,retail_47,0,0.13255431408467644,1.0
44,retail_48,0,0.09187822544410242,1.0
44,contrarian_0,0,0.2023828826593843,1.0
44,contrarian_2,0,0.11316211657204621,1.0
44,contrarian_3,0,0.16345053302181486,1.0
44,contrarian_4,0,0.15503198729486034,1.0
44,contrarian_7,0,0.155807028536459,1.0
44,contrarian_9,0,0.1650269852948804,1.0
44,contrarian_12,0,0.14456595132746,1.0
45,contrarian_2,0,0.20991602410151,1.0
45,contrarian_4,0,0.2277820592242049,1.0
45,contrarian_5,0,0.2913207254352024,1.0
45,contrarian_6,0,0.2312292681004156,1.0
45,contrarian_7,0,0.24719709048564031,1.0
45,contrarian_9,0,0.2584450596633589,1.0
45,contrarian_10,0,0.2673963413632633,1.0
45,contrarian_11,0,0.13550458538895852,1.0
45,contrarian_12,0,0.23199727425316663,1.0
45,contrarian_13,0,0.22975976772100856,1.0
45,contrarian_14,0,0.20254032691202967,1.0
46,contrarian_0,0,0.6429156485050962,1.0
46,contrarian_1,0,0.218972958905945,1.0
46,contrarian_2,0,0.46141599987598003,2.0
46,contrarian_3,0,0.26839321874032396,1.0
46,contrarian_4,0,0.5323642124365819,2.0
46,contrarian_5,0,0.6558671409680958,1.0
46,contrarian_6,0,0.5461956289211807,1.0
46,contrarian_7,0,0.5692120213365174,2.0
46,contrarian_8,0,0.21642796810801193,1.0
46,contrarian_9,0,0.5984440703376506,1.0
46,contrarian_10,0,0.616272974164281,1.0
46,contrarian_11,0,0.22531778012939857,1.0
46,contrarian_12,0,0.5338290663944537,2.0
46,contrarian_13,0,0.5402887983984483,1.0
46,contrarian_14,0,0.4712264814501836,2.0
47,contrarian_0,0,0.7521567894280746,1.0
47,contrarian_1,0,0.520812171683046,1.0
47,contrarian_2,0,0.5436459951558774,1.0
47,contrarian_3,0,0.6110544505682517,1.0
47,contrarian_4,0,0.621542855499783,1.0
47,contrarian_6,0,0.6446810254498884,1.0
47,contrarian_7,0,0.6659267475010497,1.0
47,contrarian_8,0,0.5016525298404629,2.0
47,contrarian_9,0,0.7147265786876279,1.0
47,contrarian_10,0,0.7288414129276412,1.0
47,contrarian_11,0,0.5276276634034732,1.0
47,contrarian_12,0,0.6060554418865552,1.0
47,contrarian_13,0,0.6440262282844719,1.0
47,contrarian_14,0,0.5747311286421148,1.0
48,contrarian_1,0,0.6464177747107294,1.0
48,contrarian_2,0,0.6134671741185989,1.0
48,contrarian_3,0,0.7233854200654767,1.0
48,contrarian_6,0,0.7235408526692014,1.0
48,contrarian_7,0,0.7456441216475197,1.0
48,contrarian_8,0,0.6008851657521467,1.0
48,contrarian_9,0,0.8063919499621274,1.0
48,contrarian_11,0,0.6420218646060668,1.0
48,contrarian_12,0,0.6710973803868175,1.0
48,contrarian_14,0,0.6695561742046672,1.0
49,contrarian_8,0,0.6920713527954656,1.0
49,contrarian_11,0,0.7386315487937072,1.0
50,contrarian_5,0,0.941284969492583,1.0
50,contrarian_8,0,0.7309252989391787,1.0
50,contrarian_10,0,0.9015694991763459,1.0
50,contrarian_14,0,0.7400666164857076,1.0
51,value_7,0,0.09490427121280126,46.0
51,value_14,0,0.13720178440201808,90.0
52,value_0,0,0.13323263604223687,121.0
52,value_6,0,0.09373026763139962,46.0
52,value_7,0,0.1200770678504848,58.0
52,value_8,0,0.09391307672611267,34.0
52,value_14,0,0.15480377315638244,97.0
52,value_20,0,0.09122424512275898,39.0
52,value_22,0,0.13175816188303785,79.0
53,value_0,0,0.16429147079635328,142.0
53,value_2,0,0.11834418535263164,75.0
53,value_5,0,0.11151508427289952,76.0
53,value_6,0,0.11517253930215142,55.0
53,value_7,0,0.13866796679307963,65.0
53,value_8,0,0.11329718536910448,40.0
53,value_9,0,0.11308401525875646,47.0
53,value_12,0,0.09222581327763762,40.0
53,value_14,0,0.17497435364494318,103.0
53,value_17,0,0.09760036345671402,28.0
53,value_18,0,0.12700651696960386,63.0
53,value_20,0,0.1396370891184091,59.0
53,value_22,0,0.17396621935124942,100.0
53,value_29,0,0.0951769494354487,68.0
54,value_0,0,0.1623296726293027,130.0
54,value_1,0,0.16549399617224086,63.0
54,value_2,0,0.15833842148752514,94.0
54,value_3,0,0.13560687118123455,127.0
54,value_4,0,0.14572236012576184,55.0
54,value_5,0,0.1122399654784305,73.0
54,value_6,0,0.1147393095593375,52.0
54,value_7,0,0.1602160950449492,70.0
54,value_8,0,0.14964090025414234,50.0
54,value_9,0,0.143391584888148,56.0
54,value_12,0,0.13527791749622892,56.0
54,value_14,0,0.17382351484982003,93.0
54,value_17,0,0.09985164951078915,27.0
54,value_18,0,0.16968515463373485,80.0
54,value_20,0,0.14086286720333802,56.0
54,value_21,0,0.09969219235041171,37.0
54,value_22,0,0.17568984810491134,93.0
54,value_28,0,0.08630578151421801,49.0
54,value_29,0,0.09679942660204194,67.0
55,value_0,0,0.1458834573438298,105.0
55,value_1,0,0.16592367140445896,57.0
55,value_2,0,0.1575952467164828,84.0
55,value_3,0,0.13553598938602887,116.0
55,value_4,0,0.14775412855524678,51.0
55,value_6,0,0.10272594970420705,43.0
55,value_7,0,0.15893161295747765,63.0
55,value_8,0,0.1495113267427017,45.0
55,value_9,0,0.14231023650263996,50.0
55,value_12,0,0.1356036734544315,51.0
55,value_14,0,0.15672305889690202,74.0
55,value_18,0,0.16894391456634486,72.0
55,value_20,0,0.12650895612870047,46.0
55,value_21,0,0.10179220520658867,35.0
55,value_22,0,0.15799549747203862,75.0
55,value_23,0,0.08389473027677488,46.0
55,value_28,0,0.08636118736968634,46.0
56,value_0,0,0.13841234423165544,91.0
56,value_1,0,0.1497031357687735,46.0
56,value_2,0,0.1421106183022437,68.0
56,value_3,0,0.12117918281867843,95.0
56,value_4,0,0.13269369789422608,41.0
56,value_6,0,0.09957694788690102,39.0
56,value_7,0,0.1425770459551104,51.0
56,value_8,0,0.13465503115660257,37.0
56,value_9,0,0.12777774084272714,41.0
56,value_12,0,0.121770494566142,42.0
56,value_14,0,0.14625596015315792,62.0
56,value_18,0,0.15261264589918763,59.0
56,value_20,0,0.12026609143240831,40.0
56,value_21,0,0.09021513499581542,29.0
56,value_22,0,0.14800778581958346,64.0
57,value_0,0,0.13819810401239482,83.0
57,value_1,0,0.14218263698304925,41.0
57,value_2,0,0.1343430181897847,59.0
57,value_3,0,0.11669553459478531,85.0
57,value_4,0,0.12665726412278083,36.0
57,value_6,0,0.10263923624047637,37.0
57,value_7,0,0.1352380452540696,44.0
57,value_8,0,0.1285883067859222,33.0
57,value_9,0,0.12386624469634776,37.0
57,value_12,0,0.11691665279464121,38.0
57,value_14,0,0.14115424751769548,54.0
57,value_17,0,0.09700476937136956,24.0
57,value_18,0,0.1442145796053465,51.0
57,value_20,0,0.11876494492421975,37.0
57,value_21,0,0.09081607591231478,28.0
57,value_22,0,0.142234647115598,56.0
57,value_29,0,0.09126465351517875,56.0
58,value_0,0,0.1422056348886427,78.0
58,value_1,0,0.14048119507089293,37.0
58,value_2,0,0.13244854195431988,53.0
58,value_3,0,0.11870282279946981,80.0
58,value_4,0,0.1255004398459411,33.0
58,value_5,0,0.10914943759649177,63.0
58,value_6,0,0.1105477644355747,38.0
58,value_7,0,0.13470007572349368,40.0
58,value_8,0,0.12874714087315006,30.0
58,value_9,0,0.12787846088585766,35.0
58,value_12,0,0.11797102006280798,36.0
58,value_14,0,0.13905871741049983,49.0
58,value_17,0,0.11205441555970692,26.0
58,value_18,0,0.14197285244982602,46.0
58,value_20,0,0.12221159032808047,36.0
58,value_21,0,0.0980993172587978,28.0
58,value_22,0,0.14125963487656132,52.0
58,value_24,0,0.10196802636584656,54.0
58,value_29,0,0.10461871231750522,60.0
59,value_0,0,0.14831860565021984,75.0
59,value_1,0,0.14359888121657188,35.0
59,value_2,0,0.13436486756832983,49.0
59,value_3,0,0.1263703632036486,79.0
59,value_4,0,0.13010957309030302,31.0
59,value_5,0,0.11983574233055477,64.0
59,value_6,0,0.1209644850755105,38.0
59,value_7,0,0.13871510918892122,38.0
59,value_8,0,0.13358942809827212,29.0
59,value_9,0,0.13738336969597234,34.0
59,value_10,0,0.11038593245741271,75.0
59,value_11,0,0.1194371644048891,67.0
59,value_12,0,0.12413188544150598,35.0
59,value_14,0,0.13764132073662652,44.0
59,value_15,0,0.11425299572719275,52.0
59,value_17,0,0.13078104523984413,28.0
59,value_18,0,0.1435545463438597,43.0
59,value_19,0,0.11978501311856815,67.0
59,value_20,0,0.12709438887283697,34.0
59,value_21,0,0.11330022583557815,30.0
59,value_22,0,0.140869989462449,47.0
59,value_23,0,0.09555546175106536,46.0
59,value_24,0,0.1233701643539719,60.0
59,value_27,0,0.09522369215661469,48.0
59,value_28,0,0.09792508356380233,46.0
59,value_29,0,0.12140064802557693,65.0
60,value_0,0,0.15325362481166535,69.0
60,value_1,0,0.14828489689590726,32.0
60,value_2,0,0.13769644712470885,45.0
60,value_3,0,0.1365904484369991,77.0
60,value_4,0,0.13634550296896888,30.0
60,value_5,0,0.12669746578751395,62.0
60,value_6,0,0.13286310450788882,38.0
60,value_7,0,0.14474555172334783,36.0
60,value_8,0,0.1403755046632063,27.0
60,value_9,0,0.14997574129455085,33.0
60,value_10,0,0.12456232305899173,78.0
60,value_11,0,0.14717325893729144,75.0
60,value_12,0,0.1324161820742475,34.0
60,value_13,0,0.10931311445743547,50.0
60,value_14,0,0.1320510660015891,38.0
60,value_15,0,0.1349004726955896,56.0
60,value_17,0,0.1501841296462556,29.0
60,value_18,0,0.14651984264615447,40.0
60,value_19,0,0.13772602234046472,70.0
60,value_20,0,0.12601527041476412,31.0
60,value_21,0,0.13227064397149743,32.0
60,value_22,0,0.13190215919003745,40.0
60,value_23,0,0.11410768036562156,51.0
60,value_24,0,0.14547381252235267,64.0
60,value_25,0,0.09443144750791743,26.0
60,value_26,0,0.12801942920538523,117.0
60,value_27,0,0.11345612487334424,53.0
60,value_28,0,0.11553294590886992,50.0
60,value_29,0,0.13384553888744927,65.0
61,institutional_1,0,0.14341956131060207,1.0
61,institutional_3,0,0.16384434835020903,1.0
61,institutional_4,0,0.18121294266212498,2.0
61,value_0,0,0.14581996403011033,59.0
61,value_1,0,0.1430313147335237,28.0
61,value_2,0,0.13676250998974737,40.0
61,value_3,0,0.14407336912572855,73.0
61,value_4,0,0.1348305002462621,26.0
61,value_5,0,0.11736647634863767,52.0
61,value_6,0,0.13385463379499998,35.0
61,value_7,0,0.15015077576492003,33.0
61,value_8,0,0.14467333655701703,25.0
61,value_9,0,0.16434771004111998,32.0
61,value_10,0,0.13620596840921023,77.0
61,value_11,0,0.1563561888500475,71.0
61,value_12,0,0.13782217790162704,32.0
61,value_13,0,0.13789300312182667,57.0
61,value_15,0,0.13217477798032182,49.0
61,value_16,0,0.11710823389564991,60.0
61,value_17,0,0.1523041343322507,26.0
61,value_18,0,0.14471376995482618,35.0
61,value_19,0,0.13732193264172396,62.0
61,value_20,0,0.10869245428656822,24.0
61,value_21,0,0.15300025477919102,33.0
61,value_23,0,0.1297089245289507,52.0
61,value_24,0,0.14889846296810277,59.0
61,value_25,0,0.13607406814414247,34.0
61,value_26,0,0.12121095487008404,100.0
61,value_27,0,0.1293109131228696,55.0
61,value_28,0,0.13263381995369053,52.0
61,value_29,0,0.12546391538167886,54.0
62,institutional_1,0,0.19017750882325415,1.0
62,institutional_3,0,0.22696740515432698,1.0
62,institutional_4,0,0.24669122920245617,2.0
62,value_0,0,0.1290453061077645,46.0
62,value_1,0,0.11749489481769429,21.0
62,value_2,0,0.12240198226345415,32.0
62,value_3,0,0.13547541652833933,62.0
62,value_4,0,0.1139353146920497,20.0
62,value_6,0,0.1237395834550521,29.0
62,value_7,0,0.1434703826815581,29.0
62,value_8,0,0.13515978658820388,21.0
62,value_9,0,0.16582042602685237,29.0
62,value_10,0,0.13056335865655416,67.0
62,value_11,0,0.15018545232267266,60.0
62,value_12,0,0.1284139223261003,27.0
62,value_13,0,0.1410489223030818,52.0
62,value_15,0,0.12073831910532797,41.0
62,value_16,0,0.12486009256377074,58.0
62,value_17,0,0.14215852873918794,22.0
62,value_18,0,0.12887273251277742,29.0
62,value_19,0,0.12674627233495422,51.0
62,value_20,0,0.08937112211889758,18.0
62,value_21,0,0.1569985050406386,30.0
62,value_23,0,0.12359151318255684,45.0
62,value_24,0,0.13969604947402725,49.0
62,value_25,0,0.1550747131308388,35.0
62,value_27,0,0.12645622427552194,48.0
62,value_28,0,0.1331373407615536,47.0
62,value_29,0,0.11047452974372865,43.0
63,retail_3,0,0.09550151178074193,1.0
63,retail_29,0,0.11231900351926295,1.0
63,retail_35,0,0.1384363016439429,1.0
63,retail_44,0,0.1734068583259722,1.0
63,institutional_0,0,0.28788415559913744,1.0
63,institutional_1,0,0.2810928134791189,1.0
63,institutional_3,0,0.3225633402343413,1.0
63,institutional_4,0,0.34467908798943747,2.0
63,value_3,0,0.11919439994271488,49.0
63,value_4,0,0.09217605294446236,15.0
63,value_6,0,0.12428018438179045,27.0
63,value_7,0,0.12741869139242692,23.0
63,value_8,0,0.11848960071055592,17.0
63,value_9,0,0.15343815545275452,23.0
63,value_10,0,0.11690260448213793,55.0
63,value_11,0,0.14894064290275447,54.0
63,value_12,0,0.11239246518543555,21.0
63,value_13,0,0.13278754959016006,44.0
63,value_15,0,0.11146028761363576,34.0
63,value_16,0,0.12048610152890568,51.0
63,value_17,0,0.1572939804850635,21.0
63,value_19,0,0.12330777272068928,45.0
63,value_21,0,0.1475025588225996,25.0
63,value_23,0,0.11069752318638966,36.0
63,value_24,0,0.13905430088308265,44.0
63,value_25,0,0.1559678807683189,31.0
63,value_27,0,0.11485550885464527,40.0
63,value_28,0,0.12280480505332314,39.0
63,value_29,0,0.0910923300914255,32.0
64,retail_3,0,0.1384538907318335,1.0
64,retail_5,0,0.11163918659916144,1.0
64,retail_9,0,0.06620310790392424,1.0
64,retail_29,0,0.1641485718473318,1.0
64,retail_34,0,0.11200918505475374,1.0
64,retail_35,0,0.18779554053701386,1.0
64,retail_37,0,0.18640234484974436,1.0
64,retail_38,0,0.12187790825091738,1.0
64,retail_40,0,0.13756480057584572,1.0
64,retail_41,0,0.11863236996311415,1.0
64,retail_44,0,0.2355258570392945,1.0
64,retail_49,0,0.06309353436169593,1.0
64,institutional_4,0,0.3577716419848751,2.0
64,value_6,0,0.10957026155575464,22.0
64,value_7,0,0.10951064620581476,18.0
64,value_8,0,0.12041936146229812,16.0
64,value_9,0,0.16180332202064757,22.0
64,value_10,0,0.11477258395060408,50.0
64,value_11,0,0.13524382081065,44.0
64,value_12,0,0.10915074354276771,19.0
64,value_13,0,0.12326628261534922,38.0
64,value_15,0,0.09923049279997781,28.0
64,value_16,0,0.10628034966788469,41.0
64,value_17,0,0.1414707055942215,17.0
64,value_19,0,0.11018982673862085,37.0
64,value_21,0,0.15422206217986495,24.0
64,value_23,0,0.09066594921273415,27.0
64,value_24,0,0.12483366789992063,36.0
64,value_25,0,0.16686474100134716,30.0
64,value_27,0,0.10743632739939538,34.0
64,value_28,0,0.10877998608608275,31.0
65,retail_2,0,0.2948487168589651,1.0
65,retail_3,0,0.2542782679832739,2.0
65,retail_4,0,0.36575112491977135,1.0
65,retail_5,0,0.1584174644715696,1.0
65,retail_9,0,0.10940522626800848,1.0
65,retail_11,0,0.12331972148339848,1.0
65,retail_17,0,0.1084642698159238,1.0
65,retail_23,0,0.1433977299795187,1.0
65,retail_24,0,0.1480745542964343,1.0
65,retail_25,0,0.332102312937169,1.0
65,retail_27,0,0.30370125969811634,1.0
65,retail_29,0,0.274244265484259,1.0
65,retail_30,0,0.304829917656048,1.0
65,retail_34,0,0.22549948075190837,1.0
65,retail_35,0,0.32659667323550096,1.0
65,retail_37,0,0.34351658253635703,1.0
65,retail_38,0,0.16327517027950036,1.0
65,retail_39,0,0.27315310111125835,1.0
65,retail_40,0,0.28943195453156,1.0
65,retail_41,0,0.2607794227175171,1.0
65,retail_42,0,0.32526053095362933,1.0
65,retail_44,0,0.3413253838819917,1.0
65,retail_45,0,0.20458271342739087,1.0
65,retail_49,0,0.10640813285627171,1.0
65,institutional_4,0,0.338387640932836,1.0
65,value_6,0,0.09399253858990327,17.0
65,value_7,0,0.09280493924902657,14.0
65,value_8,0,0.10355387481808542,13.0
65,value_9,0,0.14286922790924977,18.0
65,value_11,0,0.11645285676597746,35.0
65,value_12,0,0.09360444376056912,15.0
65,value_13,0,0.11185215759298488,31.0
65,value_16,0,0.09740051385888786,35.0
65,value_17,0,0.12166804198240724,14.0
65,value_21,0,0.13866769786118063,20.0
65,value_24,0,0.1060223131270401,28.0
65,value_25,0,0.1565280000607928,25.0
65,value_27,0,0.09405823485120123,28.0
65,value_28,0,0.0951754159064998,25.0
66,retail_0,0,0.13525554667529052,1.0
66,retail_2,0,0.30186193639451236,1.0
66,retail_3,0,0.2656544468450056,2.0
66,retail_5,0,0.2710475306203024,1.0
66,retail_7,0,0.2827454014984684,1.0
66,retail_9,0,0.23473297635309703,2.0
66,retail_11,0,0.17530124481714462,1.0
66,retail_13,0,0.18373616387407785,1.0
66,retail_16,0,0.1488121812612438,1.0
66,retail_17,0,0.14926098090768852,1.0
66,retail_18,0,0.32759504498861686,1.0
66,retail_20,0,0.11684758463013944,1.0
66,retail_21,0,0.3510976585750522,1.0
66,retail_22,0,0.048130544131129376,1.0
66,retail_23,0,0.27820426339332766,1.0
66,retail_24,0,0.19868698464865253,1.0
66,retail_26,0,0.22293454895863002,1.0
66,retail_28,0,0.3345473370276556,1.0
66,retail_29,0,0.28965883607724535,1.0
66,retail_32,0,0.13883902684333732,1.0
66,retail_34,0,0.23915753874308882,1.0
66,retail_35,0,0.3372007197263452,1.0
66,retail_37,0,0.35381944048752106,1.0
66,retail_38,0,0.3233769746750612,1.0
66,retail_39,0,0.28846160129746634,1.0
66,retail_40,0,0.3073963725493193,1.0
66,retail_41,0,0.271709129619431,1.0
66,retail_42,0,0.3397622488778923,1.0
66,retail_43,0,0.1818300640038686,1.0
66,retail_45,0,0.3500943595498263,1.0
66,retail_46,0,0.2861979440116136,1.0
66,retail_47,0,0.17829302712067094,1.0
66,retail_48,0,0.10178314868304834,1.0
66,retail_49,0,0.22658038250241574,3.0
66,institutional_4,0,0.32081437790702033,1.0
66,value_8,0,0.08549985363441955,10.0
66,value_9,0,0.12408306454384437,14.0
66,value_13,0,0.09232848437856486,24.0
66,value_17,0,0.10754639870218884,11.0
66,value_21,0,0.11879128996134956,15.0
66,value_25,0,0.1369921590242388,20.0
67,retail_0,0,0.2679524936084117,1.0
67,retail_3,0,0.2480148121608317,1.0
67,retail_5,0,0.28319229127906215,1.0
67,retail_6,0,0.3441226647953857,1.0
67,retail_9,0,0.2509571292736378,2.0
67,retail_11,0,0.2946458532909098,1.0
67,retail_13,0,0.3251269798767651,1.0
67,retail_16,0,0.2966578963505516,1.0
67,retail_17,0,0.3080471820642037,1.0
67,retail_20,0,0.24168720629832863,1.0
67,retail_22,0,0.17269946045595053,2.0
67,retail_23,0,0.2935508976892183,1.0
67,retail_24,0,0.3202811132195901,1.0
67,retail_26,0,0.23593474381822904,1.0
67,retail_28,0,0.34437623860051136,1.0
67,retail_29,0,0.26878332050772774,1.0
67,retail_32,0,0.29233424737630853,1.0
67,retail_34,0,0.21820494037250035,1.0
67,retail_35,0,0.31362354509871576,1.0
67,retail_38,0,0.3290545956009246,1.0
67,retail_40,0,0.2842283850247418,1.0
67,retail_41,0,0.2471008228543823,1.0
67,retail_43,0,0.30563393159850916,1.0
67,retail_45,0,0.3587765402603022,1.0
67,retail_46,0,0.2928424620777236,1.0
67,retail_47,0,0.27402797981693605,1.0
67,retail_48,0,0.23317212857475003,2.0
67,retail_49,0,0.2452236949149764,3.0
67,value_9,0,0.10915440043721615,11.0
67,value_17,0,0.0963351394293837,9.0
67,value_21,0,0.10456338881918902,13.0
67,value_25,0,0.12307210636961816,17.0
68,retail_0,0,0.28735913392148044,1.0
68,retail_3,0,0.2364401072361708,1.0
68,retail_5,0,0.2641214403274895,1.0
68,retail_9,0,0.2308940410488569,2.0
68,retail_11,0,0.308807837422958,1.0
68,retail_13,0,0.34123759380481744,1.0
68,retail_16,0,0.30797632786438983,1.0
68,retail_17,0,0.3161113275896002,1.0
68,retail_20,0,0.25018190449952427,1.0
68,retail_22,0,0.19150010702711057,2.0
68,retail_23,0,0.26985655069848186,1.0
68,retail_24,0,0.3292189741842654,1.0
68,retail_29,0,0.2557613272477917,1.0
68,retail_32,0,0.2991554002051626,1.0
68,retail_34,0,0.20794692572638415,1.0
68,retail_35,0,0.2976194297012243,1.0
68,retail_38,0,0.3080073933811154,1.0
68,retail_41,0,0.23479569375249945,1.0
68,retail_43,0,0.3173744605858624,1.0
68,retail_47,0,0.28603813436727066,1.0
68,retail_48,0,0.2499105246721945,2.0
68,retail_49,0,0.22158610930381326,2.0
68,value_21,0,0.0930889347850681,11.0
68,value_25,0,0.11037371584521256,14.0
69,retail_0,0,0.26356442963745647,1.0
69,retail_3,0,0.2205874067873955,1.0
69,retail_5,0,0.25134640300552463,1.0
69,retail_9,0,0.2211213797494475,1.0
69,retail_11,0,0.2867957198141903,1.0
69,retail_16,0,0.2869872296162467,1.0
69,retail_17,0,0.2936406379335548,1.0
69,retail_20,0,0.23096012444070435,1.0
69,retail_22,0,0.16773225900679875,1.0
69,retail_24,0,0.30977631266205086,1.0
69,retail_32,0,0.2768480932467333,1.0
69,retail_43,0,0.29725233628753206,1.0
69,retail_48,0,0.22829990503381709,1.0
69,retail_49,0,0.21170747968859221,2.0
69,value_25,0,0.09874060104526641,12.0
70,retail_0,0,0.251914048931304,1.0
70,retail_3,0,0.2056684110352364,1.0
70,retail_9,0,0.20851069761759972,1.0
70,retail_17,0,0.2790947180058668,1.0
70,retail_20,0,0.21966705674525341,1.0
70,retail_22,0,0.16117099203710178,1.0
70,retail_48,0,0.21858322734318653,1.0
70,retail_49,0,0.20005872849064704,1.0
71,retail_0,0,0.2367607121593782,1.0
71,retail_9,0,0.19747291715725498,1.0
71,retail_20,0,0.20612600202360903,1.0
71,retail_22,0,0.15587077766276924,1.0
71,retail_48,0,0.20676618984269776,1.0
71,retail_49,0,0.19050870388075755,1.0
72,retail_9,0,0.18100778544246202,1.0
72,retail_22,0,0.15325791386038942,1.0
72,retail_48,0,0.19678813565263262,1.0
72,retail_49,0,0.173870216573059,1.0
73,retail_9,0,0.1677147342960688,1.0
73,retail_22,0,0.14180950171761073,1.0
73,retail_48,0,0.1806201929220024,1.0
73,retail_49,0,0.16108599217200698,1.0
74,retail_49,0,0.13588470847244988,1.0
75,retail_49,0,0.12103751045740191,1.0
140,momentum_10,0,0.06404911192921146,1.0
140,momentum_18,0,0.06165414770403238,2.0
314,contrarian_7,0,0.8190566097355941,1.0
314,contrarian_13,0,0.7713572319157103,1.0
315,contrarian_3,0,0.8521248714161078,1.0
317,contrarian_11,0,0.8077602571151332,1.0
318,contrarian_4,0,0.8561056042951155,1.0
331,value_7,0,0.08860409784634007,29.0
332,value_7,0,0.09066754132443236,28.0
333,value_7,0,0.0913940808197866,27.0
334,value_7,0,0.09300209478380815,26.0
335,value_7,0,0.09445155087349864,26.0
336,value_7,0,0.0933233042295618,24.0
337,value_7,0,0.0931001414403026,23.0
338,value_7,0,0.09441652264846505,22.0
339,value_7,0,0.09358860642276125,21.0
340,value_7,0,0.09113622356710409,20.0
362,contrarian_1,0,1.0,1.0
366,value_7,0,0.09203517320142031,27.0
367,value_7,0,0.09688031273423063,28.0
367,value_14,0,0.11755529530685865,88.0
368,value_7,0,0.09890176269247919,28.0
368,value_14,0,0.11815923319771296,84.0
369,value_7,0,0.10042154581314608,27.0
369,value_14,0,0.11897352204082959,80.0
370,value_7,0,0.10083941656576595,26.0
370,value_14,0,0.12091933661618229,77.0
371,value_7,0,0.10384635464974432,26.0
371,value_14,0,0.11804012720072285,71.0
372,value_7,0,0.10253664499259171,24.0
373,value_7,0,0.10229348821985942,23.0
373,value_14,0,0.12250492660229026,70.0
374,value_7,0,0.11282942062643558,24.0
374,value_14,0,0.11851910209792557,62.0
375,value_7,0,0.11244227212674937,22.0
376,value_7,0,0.11413609179986464,22.0
377,value_7,0,0.11322020786639722,20.0
378,value_7,0,0.11424784465258012,19.0
379,value_7,0,0.1126214608442535,18.0
380,value_7,0,0.11045329489519669,16.0
381,value_7,0,0.10572868283559218,15.0
382,value_7,0,0.10415563961075192,14.0
383,value_7,0,0.09006903395872162,11.0
384,value_7,0,0.09624278468540172,11.0
385,value_7,0,0.09486534771179708,11.0
386,value_7,0,0.09111241385810835,10.0
405,value_7,0,0.08905016940072788,11.0
406,value_7,0,0.08984751407395247,11.0
407,value_7,0,0.09095018171326548,10.0
408,value_7,0,0.0904492945778141,10.0
409,value_7,0,0.0891202357749804,9.0
417,value_17,0,0.10027811909493879,5.0
418,value_8,0,0.09192071617701225,30.0
418,value_12,0,0.08508134090507899,39.0
418,value_17,0,0.09368858902920324,4.0
418,value_21,0,0.09511401766289378,13.0
419,retail_3,0,0.0852804087726933,1.0
419,retail_12,0,0.11099973940435758,1.0
419,retail_19,0,0.11221117037639662,1.0
419,retail_29,0,0.08007877056239769,1.0
419,retail_34,0,0.09103962655141645,1.0
419,retail_35,0,0.11542022544105043,1.0
419,retail_36,0,0.08553898173933928,1.0
419,retail_37,0,0.11134955196467909,1.0
419,retail_40,0,0.10633053100579898,1.0
419,retail_41,0,0.12317476510987277,1.0
419,retail_42,0,0.12318681275762994,1.0
419,value_8,0,0.08653913212674874,27.0
419,value_17,0,0.09365734942395208,4.0
419,value_21,0,0.08890488625249689,11.0
420,retail_1,0,0.14080749602816164,1.0
420,retail_3,0,0.07273643030432772,1.0
420,retail_5,0,0.08537860584451773,1.0
420,retail_8,0,0.10339393210812127,1.0
420,retail_9,0,0.08943321884597488,1.0
420,retail_10,0,0.09974030639161645,1.0
420,retail_12,0,0.09739863351555528,1.0
420,retail_19,0,0.09669182861840739,1.0
420,retail_21,0,0.13982591049963355,1.0
420,retail_26,0,0.10257883112451875,1.0
420,retail_28,0,0.13024400134128364,1.0
420,retail_33,0,0.1197210125801681,1.0
420,retail_34,0,0.07678355077430438,1.0
420,retail_35,0,0.0997993257308434,1.0
420,retail_38,0,0.12881315320529238,1.0
420,retail_41,0,0.10635495874790364,1.0
420,retail_45,0,0.1114839634092602,1.0
420,retail_46,0,0.12205775525963927,1.0
420,retail_49,0,0.09118892169034286,1.0
420,value_8,0,0.08466693430977054,25.0
420,value_21,0,0.08949273086997628,11.0
421,retail_0,0,0.09554348962889059,1.0
421,retail_1,0,0.12351588778330232,1.0
421,retail_3,0,0.09046359028002363,1.0
421,retail_6,0,0.14977975963265966,1.0
421,retail_9,0,0.07475720610898784,1.0
421,retail_11,0,0.09155296599031398,1.0
421,retail_12,0,0.11126523592633815,1.0
421,retail_13,0,0.09923267571370972,1.0
421,retail_14,0,0.12390534326762999,1.0
421,retail_16,0,0.1123186605324604,1.0
421,retail_17,0,0.12842690989377226,1.0
421,retail_19,0,0.11334718578054095,1.0
421,retail_20,0,0.10203546849029727,1.0
421,retail_22,0,0.09816779808488516,1.0
421,retail_26,0,0.0873205896058277,1.0
421,retail_27,0,0.09135084299010422,1.0
421,retail_28,0,0.11319303002293199,1.0
421,retail_29,0,0.08887066459518725,1.0
421,retail_31,0,0.15021286312534426,1.0
421,retail_32,0,0.12994902677558415,1.0
421,retail_34,0,0.09646762230946279,1.0
421,retail_35,0,0.12031623125192263,1.0
421,retail_37,0,0.1142143119849561,1.0
421,retail_38,0,0.11355330736850867,1.0
421,retail_39,0,0.09167543511328273,1.0
421,retail_40,0,0.1128553652792232,1.0
421,retail_41,0,0.12462202944817508,1.0
421,retail_42,0,0.12700366574145908,1.0
421,retail_46,0,0.10690988048888506,1.0
421,retail_47,0,0.0760618872307281,1.0
421,retail_48,0,0.09603190194033051,1.0
421,retail_49,0,0.07506900166582524,1.0
422,retail_3,0,0.08976846069174171,1.0
422,retail_5,0,0.09214778645716547,1.0
422,retail_6,0,0.13279425581106408,1.0
422,retail_8,0,0.1081868099366974,1.0
422,retail_9,0,0.09593095505369817,1.0
422,retail_16,0,0.09698861190717065,1.0
422,retail_17,0,0.11229674822273665,1.0
422,retail_19,0,0.11082398051683892,1.0
422,retail_20,0,0.0884840720463366,1.0
422,retail_22,0,0.0812299041897544,1.0
422,retail_26,0,0.10452718038993093,1.0
422,retail_28,0,0.12997237625781938,1.0
422,retail_29,0,0.08958817470439062,1.0
422,retail_31,0,0.13328012035459358,1.0
422,retail_32,0,0.11409333332945742,1.0
422,retail_33,0,0.1233201342121102,1.0
422,retail_34,0,0.09575746932440718,1.0
422,retail_35,0,0.1188498486463639,1.0
422,retail_38,0,0.1273000444130356,1.0
422,retail_41,0,0.12196781262166408,1.0
422,retail_42,0,0.12505509424165492,1.0
422,retail_45,0,0.11459472697194384,1.0
422,retail_46,0,0.12207712522799398,1.0
422,retail_48,0,0.08034290178570717,1.0
422,retail_49,0,0.09884659679288965,1.0
423,retail_0,0,0.10435132794852184,1.0
423,retail_3,0,0.09344233929398098,1.0
423,retail_5,0,0.09195676285689566,1.0
423,retail_6,0,0.14503875826548465,1.0
423,retail_9,0,0.09546141990770844,1.0
423,retail_11,0,0.0994662912907526,1.0
423,retail_13,0,0.10742234750841696,1.0
423,retail_16,0,0.11542253776799147,1.0
423,retail_17,0,0.12797374649610652,1.0
423,retail_20,0,0.10325898156989326,1.0
423,retail_22,0,0.1032374949261447,1.0
423,retail_26,0,0.10257079583963545,1.0
423,retail_27,0,0.09957122289338267,1.0
423,retail_28,0,0.12686597203693842,1.0
423,retail_29,0,0.09566473750535173,1.0
423,retail_31,0,0.1454210691595646,1.0
423,retail_32,0,0.128908011191965,1.0
423,retail_36,0,0.09928057627131713,1.0
423,retail_38,0,0.1236617174200409,1.0
423,retail_40,0,0.11771223926001907,1.0
423,retail_41,0,0.12526381853506197,1.0
423,retail_46,0,0.11906978826936868,1.0
423,retail_47,0,0.08494525161940857,1.0
423,retail_48,0,0.10176770683463399,1.0
423,retail_49,0,0.0988761746730911,1.0
424,retail_0,0,0.10453706785927791,1.0
424,retail_3,0,0.09431659114654406,1.0
424,retail_9,0,0.10073369452991897,1.0
424,retail_11,0,0.09958689912504017,1.0
424,retail_16,0,0.11341865746423015,1.0
424,retail_20,0,0.10104453875153993,1.0
424,retail_22,0,0.10220600165608396,1.0
424,retail_32,0,0.12528803230471217,1.0
424,retail_38,0,0.12423241487617437,1.0
424,retail_41,0,0.12647653742657264,1.0
424,retail_46,0,0.12078317767408148,1.0
424,retail_47,0,0.08564239937259906,1.0
424,retail_48,0,0.10097618467333278,1.0
424,retail_49,0,0.1057087188133655,1.0
425,retail_0,0,0.11147492107581243,1.0
425,retail_9,0,0.1034432268058373,1.0
425,retail_10,0,0.1118758456496075,1.0
425,retail_20,0,0.1033176895355556,1.0
425,retail_22,0,0.10846754966013125,1.0
425,retail_23,0,0.11541245485335033,1.0
425,retail_32,0,0.12647263944685666,1.0
425,retail_41,0,0.10600851737688025,1.0
425,retail_46,0,0.12015148702881105,1.0
425,retail_48,0,0.10637491665096585,1.0
425,retail_49,0,0.10993147793717502,1.0
426,retail_0,0,0.1152153219164682,1.0
426,retail_9,0,0.08460191260251242,1.0
426,retail_20,0,0.10351145348181137,1.0
426,retail_22,0,0.11324286967578884,1.0
426,retail_48,0,0.10935849344477813,1.0
426,retail_49,0,0.08846781522714167,1.0
427,retail_9,0,0.08548930277868942,1.0
427,retail_22,0,0.09116049059610967,1.0
427,retail_48,0,0.08926437735984474,1.0
427,retail_49,0,0.08981968619225404,1.0
428,retail_22,0,0.09157437959532176,1.0
428,retail_48,0,0.08993010554440485,1.0
428,retail_49,0,0.08058275664656611,1.0
429,retail_49,0,0.07515571852371564,1.0
430,retail_49,0,0.06946141504707981,1.0
431,retail_49,0,0.06340449784675027,1.0
432,retail_49,0,0.0696845338554375,1.0
481,retail_2,0,0.1603642009623152,1.0
481,retail_3,0,0.12334242601264965,1.0
481,retail_4,0,0.15850437020907407,1.0
481,retail_12,0,0.16696652698954814,1.0
481,retail_14,0,0.1973777493199019,1.0
481,retail_19,0,0.17144051530895002,1.0
481,retail_30,0,0.16689098801311725,1.0
481,retail_34,0,0.11772344177297478,1.0
481,retail_35,0,0.15376854493969366,1.0
481,retail_37,0,0.18323792726518692,1.0
481,retail_39,0,0.11300352290802705,1.0
481,retail_40,0,0.16005301737529096,1.0
481,retail_41,0,0.17288276079255369,1.0
481,retail_42,0,0.1905466052662018,1.0
481,institutional_3,0,0.15623369990040054,1.0
481,institutional_4,0,0.15945911176679717,1.0
482,retail_1,0,0.228639472787539,1.0
482,retail_2,0,0.15469866077213795,1.0
482,retail_3,0,0.11802541120656412,1.0
482,retail_4,0,0.15266736115076804,1.0
482,retail_5,0,0.1113560440259896,1.0
482,retail_7,0,0.18981645128873695,1.0
482,retail_8,0,0.1627582992833054,1.0
482,retail_9,0,0.12902249508598118,1.0
482,retail_12,0,0.16088356614201654,1.0
482,retail_14,0,0.1887505248040911,1.0
482,retail_18,0,0.2016558203189998,1.0
482,retail_21,0,0.23024878532672247,1.0
482,retail_23,0,0.1390719175213022,1.0
482,retail_26,0,0.15786421573127865,1.0
482,retail_28,0,0.2111232813731333,1.0
482,retail_30,0,0.1599333058440568,1.0
482,retail_33,0,0.1875325488633382,1.0
482,retail_35,0,0.1473710629255339,1.0
482,retail_37,0,0.17640578420886754,1.0
482,retail_38,0,0.20957586453669758,1.0
482,retail_41,0,0.16558672841664057,1.0
482,retail_42,0,0.18263004628918386,1.0
482,retail_45,0,0.16573716542002914,1.0
482,retail_46,0,0.17609681931300888,1.0
482,retail_49,0,0.11245017038289908,1.0
482,institutional_3,0,0.1592827572234757,1.0
482,institutional_4,0,0.16187838343781624,1.0
483,retail_0,0,0.12444252222094641,1.0
483,retail_1,0,0.22045576997169802,1.0
483,retail_2,0,0.28744830665403726,1.0
483,retail_3,0,0.24197338287239226,1.0
483,retail_4,0,0.2929900962418869,1.0
483,retail_6,0,0.2515039944177971,1.0
483,retail_7,0,0.1832580710358166,1.0
483,retail_8,0,0.15612586051219512,1.0
483,retail_9,0,0.12276900836347905,1.0
483,retail_11,0,0.11147072555107639,1.0
483,retail_12,0,0.3017648397065529,1.0
483,retail_13,0,0.13922077876436267,1.0
483,retail_14,0,0.3802051508350229,1.0
483,retail_15,0,0.15356982339566702,1.0
483,retail_16,0,0.1741158062369054,1.0
483,retail_17,0,0.20252034352750362,1.0
483,retail_19,0,0.32151696598942114,1.0
483,retail_20,0,0.15251799679976824,1.0
483,retail_21,0,0.2216166133894526,1.0
483,retail_22,0,0.13230021594264613,1.0
483,retail_24,0,0.12875956986305717,1.0
483,retail_25,0,0.22688253734333086,1.0
483,retail_26,0,0.15095695721780097,1.0
483,retail_27,0,0.2337701945248078,1.0
483,retail_28,0,0.20313286041664683,1.0
483,retail_29,0,0.21184797385146595,1.0
483,retail_30,0,0.31871401035684405,1.0
483,retail_31,0,0.2531945966247434,1.0
483,retail_32,0,0.2010768639324359,1.0
483,retail_34,0,0.2446345845737675,1.0
483,retail_35,0,0.2983105178344001,1.0
483,retail_36,0,0.23683195819461766,1.0
483,retail_37,0,0.3346208127999504,1.0
483,retail_38,0,0.20234680355537932,1.0
483,retail_39,0,0.23794951992970187,1.0
483,retail_40,0,0.32058847745195584,1.0
483,retail_41,0,0.329890612691865,1.0
483,retail_42,0,0.36224917819864644,1.0
483,retail_43,0,0.12541567204437143,1.0
483,retail_44,0,0.1855046414476487,1.0
483,retail_45,0,0.15940970282033295,1.0
483,retail_46,0,0.16943478103265117,1.0
483,retail_48,0,0.13859263826815682,1.0
483,retail_49,0,0.10596143960072534,1.0
483,institutional_3,0,0.16721889303389442,1.0
483,institutional_4,0,0.16861604426679894,1.0
484,retail_1,0,0.40582876691316955,1.0
484,retail_2,0,0.28257815465974456,1.0
484,retail_3,0,0.23958077199087668,1.0
484,retail_4,0,0.2892000545718002,1.0
484,retail_5,0,0.22830402715935078,1.0
484,retail_6,0,0.2431429867104676,1.0
484,retail_7,0,0.33194095067477675,1.0
484,retail_8,0,0.30940781830653724,1.0
484,retail_9,0,0.26447205662773976,1.0
484,retail_10,0,0.26739771705314713,1.0
484,retail_12,0,0.29619960292560926,1.0
484,retail_16,0,0.1672448547267173,1.0
484,retail_17,0,0.1950532654622352,1.0
484,retail_18,0,0.36505238675024654,1.0
484,retail_19,0,0.3158646141646325,1.0
484,retail_20,0,0.14647975612710876,1.0
484,retail_21,0,0.41615232617554193,1.0
484,retail_22,0,0.12509613778431153,1.0
484,retail_23,0,0.2853964723439008,1.0
484,retail_24,0,0.12361313274556206,1.0
484,retail_25,0,0.22684754062288304,1.0
484,retail_26,0,0.3036177882962409,1.0
484,retail_27,0,0.23374979382165295,1.0
484,retail_28,0,0.38309894644698145,1.0
484,retail_29,0,0.21171885332779947,1.0
484,retail_30,0,0.31392634448216616,1.0
484,retail_31,0,0.24483347173005485,1.0
484,retail_32,0,0.19377927142477405,1.0
484,retail_33,0,0.34990321087951015,1.0
484,retail_34,0,0.2425590572406627,1.0
484,retail_35,0,0.2951440287297718,1.0
484,retail_36,0,0.23565962197717566,1.0
484,retail_37,0,0.329015183487365,1.0
484,retail_38,0,0.36785852587867335,1.0
484,retail_39,0,0.2368007331075922,1.0
484,retail_40,0,0.31698656319188045,1.0
484,retail_41,0,0.3245653073261708,1.0
484,retail_42,0,0.35672638966845227,1.0
484,retail_44,0,0.1865679367178158,1.0
484,retail_45,0,0.30812374169495105,1.0
484,retail_46,0,0.3223094783756078,1.0
484,retail_48,0,0.13184355953676175,1.0
484,retail_49,0,0.2514678545794725,2.0
484,institutional_4,0,0.16713721399759568,1.0
485,retail_0,0,0.2711063207834063,1.0
485,retail_1,0,0.3972620909887982,1.0
485,retail_2,0,0.28131315425034253,1.0
485,retail_3,0,0.24205200463978518,1.0
485,retail_5,0,0.22705268717036398,1.0
485,retail_6,0,0.431986735813888,1.0
485,retail_7,0,0.3243204396487018,1.0
485,retail_8,0,0.30518461044411577,1.0
485,retail_9,0,0.26213165557359663,1.0
485,retail_10,0,0.2649991778014597,1.0
485,retail_11,0,0.2382336539120121,1.0
485,retail_13,0,0.28382414788046206,1.0
485,retail_15,0,0.2996118293582078,1.0
485,retail_16,0,0.32491932834073234,1.0
485,retail_17,0,0.3646277397403913,1.0
485,retail_18,0,0.35791475221536767,1.0
485,retail_20,0,0.28376795401228966,1.0
485,retail_21,0,0.40776582023970864,1.0
485,retail_22,0,0.28192409999156404,1.0
485,retail_23,0,0.28239732586537475,1.0
485,retail_24,0,0.24916706547310458,1.0
485,retail_26,0,0.2984692737651437,1.0
485,retail_27,0,0.2403252487314497,1.0
485,retail_28,0,0.37526290363429643,1.0
485,retail_29,0,0.2177708761047176,1.0
485,retail_31,0,0.433813232936453,1.0
485,retail_32,0,0.3598342864681945,1.0
485,retail_33,0,0.3445959540962396,1.0
485,retail_34,0,0.24699948460915885,1.0
485,retail_35,0,0.2977216250429099,1.0
485,retail_36,0,0.24072785374792174,1.0
485,retail_37,0,0.32822434216670976,1.0
485,retail_38,0,0.3600526423743375,1.0
485,retail_39,0,0.2415657525845573,1.0
485,retail_40,0,0.3208988978345579,1.0
485,retail_41,0,0.3262566542074797,1.0
485,retail_43,0,0.25079095582617494,1.0
485,retail_44,0,0.19104183895945967,1.0
485,retail_45,0,0.30349485081824634,1.0
485,retail_46,0,0.31650556001959435,1.0
485,retail_47,0,0.1810544281953612,1.0
485,retail_48,0,0.2830000331015845,1.0
485,retail_49,0,0.25010212622778244,2.0
486,retail_0,0,0.269740718720666,1.0
486,retail_2,0,0.27407718812680115,1.0
486,retail_3,0,0.23710655800668293,1.0
486,retail_5,0,0.23092986757244519,1.0
486,retail_6,0,0.4214660815073102,1.0
486,retail_8,0,0.30642997435025315,1.0
486,retail_9,0,0.26647179691955536,1.0
486,retail_10,0,0.26919511232373505,1.0
486,retail_11,0,0.23734376568203577,1.0
486,retail_13,0,0.281826044819189,1.0
486,retail_15,0,0.2960280257812714,1.0
486,retail_16,0,0.3199611303475419,1.0
486,retail_17,0,0.35741174337736403,1.0
486,retail_20,0,0.2789680698800157,1.0
486,retail_22,0,0.27883113203299337,1.0
486,retail_24,0,0.24730036157184065,1.0
486,retail_27,0,0.23686246704452082,1.0
486,retail_29,0,0.21464819211400551,1.0
486,retail_31,0,0.42325403487234,1.0
486,retail_32,0,0.35266837947907653,1.0
486,retail_36,0,0.2366686383351577,1.0
486,retail_37,0,0.3199374865745785,1.0
486,retail_38,0,0.35688267168203236,1.0
486,retail_41,0,0.3188195052681986,1.0
486,retail_43,0,0.24881345875446334,1.0
486,retail_44,0,0.18828374178485027,1.0
486,retail_45,0,0.3035950329745103,1.0
486,retail_46,0,0.3160701668192163,1.0
486,retail_47,0,0.1819214616611372,1.0
486,retail_48,0,0.27996632023326357,1.0
486,retail_49,0,0.2569316471793204,2.0
487,retail_0,0,0.27632460475276405,1.0
487,retail_5,0,0.22679424375963014,1.0
487,retail_6,0,0.4159481686813456,1.0
487,retail_9,0,0.2615285381702385,1.0
487,retail_11,0,0.2425664070241917,1.0
487,retail_13,0,0.28617169399062886,1.0
487,retail_16,0,0.32064829446137755,1.0
487,retail_20,0,0.27932234536642486,1.0
487,retail_22,0,0.2847042433266365,1.0
487,retail_24,0,0.24958853387798588,1.0
487,retail_29,0,0.21615797292098002,1.0
487,retail_43,0,0.2519431863987263,1.0
487,retail_44,0,0.19333497303188363,1.0
487,retail_47,0,0.1876280153119908,1.0
487,retail_48,0,0.2842641456552896,1.0
487,retail_49,0,0.2530041687003543,1.0
488,retail_0,0,0.27191281903648434,1.0
488,retail_9,0,0.2607013660609967,1.0
488,retail_11,0,0.23857784275718774,1.0
488,retail_22,0,0.2796737310972902,1.0
488,retail_29,0,0.21503911358940467,1.0
488,retail_44,0,0.19486098380983072,1.0
488,retail_47,0,0.18527954865127716,1.0
488,retail_48,0,0.2787995306165541,1.0
488,retail_49,0,0.25197201856049656,1.0
489,retail_48,0,0.2768688561688344,1.0
489,retail_49,0,0.24838370575241636,1.0
490,retail_48,0,0.2721700613308218,1.0
490,retail_49,0,0.23960247256745903,1.0
