agent_name,agent_type,initial_cash,holding,net_worth,profit
retail_0,Retail,6824,0,71.94,-6752.06
retail_1,Retail,6679,0,18.01,-6660.99
retail_2,Retail,5520,0,74.48,-5445.52
retail_3,Retail,14195,0,76.43,-14118.57
retail_4,Retail,12359,0,40.93,-12318.07
retail_5,Retail,11924,0,69.17,-11854.83
retail_6,Retail,6674,0,26.81,-6647.19
retail_7,Retail,9333,0,30.87,-9302.13
retail_8,Retail,6291,0,29.35,-6261.65
retail_9,Retail,14459,0,62.47,-14396.53
retail_10,Retail,6307,0,36.18,-6270.82
retail_11,Retail,10977,0,66.31,-10910.69
retail_12,Retail,6169,0,30.6,-6138.4
retail_13,Retail,12573,0,51.38,-12521.62
retail_14,Retail,8598,0,33.84,-8564.16
retail_15,Retail,5525,0,44.4,-5480.6
retail_16,Retail,10155,0,41.03,-10113.97
retail_17,Retail,12517,0,50.32,-12466.68
retail_18,Retail,9304,0,21.9,-9282.1
retail_19,Retail,8593,0,28.59,-8564.41
retail_20,Retail,6796,0,59.96,-6736.04
retail_21,Retail,6040,0,26.31,-6013.69
retail_22,Retail,14064,0,30.2,-14033.8
retail_23,Retail,13797,0,38.43,-13758.57
retail_24,Retail,12123,0,73.74,-12049.26
retail_25,Retail,9315,0,46.4,-9268.6
retail_26,Retail,9889,0,33.0,-9856.0
retail_27,Retail,7646,0,50.02,-7595.98
retail_28,Retail,14813,0,39.51,-14773.49
retail_29,Retail,8923,0,75.67,-8847.33
retail_30,Retail,12962,0,25.42,-12936.58
retail_31,Retail,7103,0,15.79,-7087.21
retail_32,Retail,14938,0,45.44,-14892.56
retail_33,Retail,8295,0,34.45,-8260.55
retail_34,Retail,12177,0,40.03,-12136.97
retail_35,Retail,10539,0,60.16,-10478.84
retail_36,Retail,6163,0,41.25,-6121.75
retail_37,Retail,10413,0,44.01,-10368.99
retail_38,Retail,13834,0,42.8,-13791.2
retail_39,Retail,8981,0,51.93,-8929.07
retail_40,Retail,12062,0,41.02,-12020.98
retail_41,Retail,6612,0,49.66,-6562.34
retail_42,Retail,9073,0,47.23,-9025.77
retail_43,Retail,9563,0,59.01,-9503.99
retail_44,Retail,6604,0,92.5,-6511.5
retail_45,Retail,8872,0,43.68,-8828.32
retail_46,Retail,5960,0,45.48,-5914.52
retail_47,Retail,9673,0,86.86,-9586.14
retail_48,Retail,12973,0,53.44,-12919.56
retail_49,Retail,13883,0,116.26,-13766.74
contrarian_0,ContrarianAgent,23238,0,8.96,-23229.04
contrarian_1,ContrarianAgent,18044,0,-9.81,-18053.81
contrarian_2,ContrarianAgent,16964,0,0.34,-16963.66
contrarian_3,ContrarianAgent,16343,0,-8.06,-16351.06
contrarian_4,ContrarianAgent,18346,0,-14.98,-18360.98
contrarian_5,ContrarianAgent,19915,0,-25.36,-19940.36
contrarian_6,ContrarianAgent,22508,0,-6.51,-22514.51
contrarian_7,ContrarianAgent,23288,0,-12.01,-23300.01
contrarian_8,ContrarianAgent,21054,0,-6.26,-21060.26
contrarian_9,ContrarianAgent,23666,0,3.75,-23662.25
contrarian_10,ContrarianAgent,17200,0,-17.57,-17217.57
contrarian_11,ContrarianAgent,19462,0,-8.64,-19470.64
contrarian_12,ContrarianAgent,23280,0,2.24,-23277.76
contrarian_13,ContrarianAgent,21939,0,-7.46,-21946.46
contrarian_14,ContrarianAgent,19291,0,-5.47,-19296.47
institutional_0,Institutional,408654,0,35.41,-408618.59
institutional_1,Institutional,636046,0,27.87,-636018.13
institutional_2,Institutional,575332,0,32.8,-575299.2
institutional_3,Institutional,370916,0,65.08,-370850.92
institutional_4,Institutional,403893,0,66.51,-403826.49
momentum_0,Momentum,45064,0,22.21,-45041.79
momentum_1,Momentum,45801,0,25.57,-45775.43
momentum_2,Momentum,53491,0,48.53,-53442.47
momentum_3,Momentum,45216,0,30.55,-45185.45
momentum_4,Momentum,55423,0,41.29,-55381.71
momentum_5,Momentum,47457,0,34.6,-47422.4
momentum_6,Momentum,42274,0,32.09,-42241.91
momentum_7,Momentum,57570,0,35.54,-57534.46
momentum_8,Momentum,45851,0,42.36,-45808.64
momentum_9,Momentum,54239,0,32.06,-54206.94
momentum_10,Momentum,43789,0,21.19,-43767.81
momentum_11,Momentum,54288,0,36.15,-54251.85
momentum_12,Momentum,46456,0,69.96,-46386.04
momentum_13,Momentum,50286,0,25.17,-50260.83
momentum_14,Momentum,50134,0,35.65,-50098.35
momentum_15,Momentum,44170,0,38.5,-44131.5
momentum_16,Momentum,45702,0,28.18,-45673.82
momentum_17,Momentum,49957,0,39.97,-49917.03
momentum_18,Momentum,50559,0,33.66,-50525.34
momentum_19,Momentum,45560,0,31.17,-45528.83
momentum_20,Momentum,50983,0,72.49,-50910.51
momentum_21,Momentum,47361,0,33.01,-47327.99
momentum_22,Momentum,42386,0,41.09,-42344.91
momentum_23,Momentum,52582,0,53.19,-52528.81
momentum_24,Momentum,43492,0,24.18,-43467.82
value_0,value_investor_agent,133944,0,52652.31,-81291.69
value_1,value_investor_agent,129914,0,9593.3,-120320.7
value_2,value_investor_agent,149496,0,32816.19,-116679.81
value_3,value_investor_agent,135905,0,62786.71,-73118.29
value_4,value_investor_agent,116986,0,10952.03,-106033.97
value_5,value_investor_agent,141074,0,34620.79,-106453.21
value_6,value_investor_agent,117807,0,27865.17,-89941.83
value_7,value_investor_agent,115155,0,4249.48,-110905.52
value_8,value_investor_agent,126712,0,12350.87,-114361.13
value_9,value_investor_agent,125524,0,11444.24,-114079.76
value_10,value_investor_agent,131259,0,39939.44,-91319.56
value_11,value_investor_agent,135272,0,15076.05,-120195.95
value_12,value_investor_agent,131996,0,19667.79,-112328.21
value_13,value_investor_agent,143835,0,989.31,-142845.69
value_14,value_investor_agent,108364,0,21648.56,-86715.44
value_15,value_investor_agent,105501,0,3265.34,-102235.66
value_16,value_investor_agent,117049,0,18127.59,-98921.41
value_17,value_investor_agent,118235,0,1546.7,-116688.3
value_18,value_investor_agent,130822,0,32316.47,-98505.53
value_19,value_investor_agent,114694,0,25350.34,-89343.66
value_20,value_investor_agent,116205,0,27715.98,-88489.02
value_21,value_investor_agent,131035,0,4752.0,-126283.0
value_22,value_investor_agent,124175,0,43896.08,-80278.92
value_23,value_investor_agent,110732,0,16667.59,-94064.41
value_24,value_investor_agent,137735,0,9560.69,-128174.31
value_25,value_investor_agent,104980,0,336.24,-104643.76
value_26,value_investor_agent,144843,0,99086.08,-45756.92
value_27,value_investor_agent,122754,0,8594.46,-114159.54
value_28,value_investor_agent,100829,0,26593.85,-74235.15
value_29,value_investor_agent,141653,0,15787.88,-125865.12
